{"latitude":37.8267,"longitude":-122.4233,"timezone":"America/Los_Angeles","offset":-8,"currently":{"time":1488236661,"summary":"Clear","icon":"clear-day","nearestStormDistance":30,"nearestStormBearing":119,"precipIntensity":0,"precipProbability":0,"temperature":54.34,"apparentTemperature":54.34,"dewPoint":40.31,"humidity":0.59,"windSpeed":9.31,"windBearing":300,"visibility":10,"cloudCover":0.14,"pressure":1014.3,"ozone":378.99},"minutely":{"summary":"Clear for the hour.","icon":"clear-day","data":[{"time":1488236640,"precipIntensity":0,"precipProbability":0},{"time":1488236700,"precipIntensity":0,"precipProbability":0},{"time":1488236760,"precipIntensity":0,"precipProbability":0},{"time":1488236820,"precipIntensity":0,"precipProbability":0},{"time":1488236880,"precipIntensity":0,"precipProbability":0},{"time":1488236940,"precipIntensity":0,"precipProbability":0},{"time":1488237000,"precipIntensity":0,"precipProbability":0},{"time":1488237060,"precipIntensity":0,"precipProbability":0},{"time":1488237120,"precipIntensity":0,"precipProbability":0},{"time":1488237180,"precipIntensity":0,"precipProbability":0},{"time":1488237240,"precipIntensity":0,"precipProbability":0},{"time":1488237300,"precipIntensity":0,"precipProbability":0},{"time":1488237360,"precipIntensity":0,"precipProbability":0},{"time":1488237420,"precipIntensity":0,"precipProbability":0},{"time":1488237480,"precipIntensity":0,"precipProbability":0},{"time":1488237540,"precipIntensity":0,"precipProbability":0},{"time":1488237600,"precipIntensity":0,"precipProbability":0},{"time":1488237660,"precipIntensity":0,"precipProbability":0},{"time":1488237720,"precipIntensity":0,"precipProbability":0},{"time":1488237780,"precipIntensity":0,"precipProbability":0},{"time":1488237840,"precipIntensity":0,"precipProbability":0},{"time":1488237900,"precipIntensity":0,"precipProbability":0},{"time":1488237960,"precipIntensity":0,"precipProbability":0},{"time":1488238020,"precipIntensity":0,"precipProbability":0},{"time":1488238080,"precipIntensity":0,"precipProbability":0},{"time":1488238140,"precipIntensity":0,"precipProbability":0},{"time":1488238200,"precipIntensity":0,"precipProbability":0},{"time":1488238260,"precipIntensity":0,"precipProbability":0},{"time":1488238320,"precipIntensity":0,"precipProbability":0},{"time":1488238380,"precipIntensity":0,"precipProbability":0},{"time":1488238440,"precipIntensity":0,"precipProbability":0},{"time":1488238500,"precipIntensity":0,"precipProbability":0},{"time":1488238560,"precipIntensity":0,"precipProbability":0},{"time":1488238620,"precipIntensity":0,"precipProbability":0},{"time":1488238680,"precipIntensity":0,"precipProbability":0},{"time":1488238740,"precipIntensity":0,"precipProbability":0},{"time":1488238800,"precipIntensity":0,"precipProbability":0},{"time":1488238860,"precipIntensity":0,"precipProbability":0},{"time":1488238920,"precipIntensity":0,"precipProbability":0},{"time":1488238980,"precipIntensity":0,"precipProbability":0},{"time":1488239040,"precipIntensity":0,"precipProbability":0},{"time":1488239100,"precipIntensity":0,"precipProbability":0},{"time":1488239160,"precipIntensity":0,"precipProbability":0},{"time":1488239220,"precipIntensity":0,"precipProbability":0},{"time":1488239280,"precipIntensity":0,"precipProbability":0},{"time":1488239340,"precipIntensity":0,"precipProbability":0},{"time":1488239400,"precipIntensity":0,"precipProbability":0},{"time":1488239460,"precipIntensity":0,"precipProbability":0},{"time":1488239520,"precipIntensity":0,"precipProbability":0},{"time":1488239580,"precipIntensity":0,"precipProbability":0},{"time":1488239640,"precipIntensity":0,"precipProbability":0},{"time":1488239700,"precipIntensity":0,"precipProbability":0},{"time":1488239760,"precipIntensity":0,"precipProbability":0},{"time":1488239820,"precipIntensity":0,"precipProbability":0},{"time":1488239880,"precipIntensity":0,"precipProbability":0},{"time":1488239940,"precipIntensity":0,"precipProbability":0},{"time":1488240000,"precipIntensity":0,"precipProbability":0},{"time":1488240060,"precipIntensity":0,"precipProbability":0},{"time":1488240120,"precipIntensity":0,"precipProbability":0},{"time":1488240180,"precipIntensity":0,"precipProbability":0},{"time":1488240240,"precipIntensity":0,"precipProbability":0}]},"hourly":{"summary":"Partly cloudy tomorrow morning.","icon":"partly-cloudy-day","data":[{"time":1488236400,"summary":"Clear","icon":"clear-day","precipIntensity":0,"precipProbability":0,"temperature":54.34,"apparentTemperature":54.34,"dewPoint":40.35,"humidity":0.59,"windSpeed":9.14,"windBearing":300,"visibility":10,"cloudCover":0.14,"pressure":1014.29,"ozone":378.97},{"time":1488240000,"summary":"Clear","icon":"clear-day","precipIntensity":0,"precipProbability":0,"temperature":53.66,"apparentTemperature":53.66,"dewPoint":39.21,"humidity":0.58,"windSpeed":11.66,"windBearing":294,"visibility":10,"cloudCover":0.14,"pressure":1014.31,"ozone":379.31},{"time":1488243600,"summary":"Clear","icon":"clear-day","precipIntensity":0,"precipProbability":0,"temperature":52.1,"apparentTemperature":52.1,"dewPoint":39.26,"humidity":0.61,"windSpeed":11.74,"windBearing":300,"visibility":10,"cloudCover":0.19,"pressure":1014.48,"ozone":379.98},{"time":1488247200,"summary":"Clear","icon":"clear-night","precipIntensity":0,"precipProbability":0,"temperature":50.33,"apparentTemperature":50.33,"dewPoint":39.58,"humidity":0.66,"windSpeed":11.63,"windBearing":305,"visibility":10,"cloudCover":0.17,"pressure":1014.79,"ozone":380.68},{"time":1488250800,"summary":"Clear","icon":"clear-night","precipIntensity":0,"precipProbability":0,"temperature":49.1,"apparentTemperature":44.47,"dewPoint":39.93,"humidity":0.7,"windSpeed":11.41,"windBearing":308,"visibility":9.67,"cloudCover":0.11,"pressure":1015.18,"ozone":380.49},{"time":1488254400,"summary":"Clear","icon":"clear-night","precipIntensity":0,"precipProbability":0,"temperature":47.74,"apparentTemperature":43.06,"dewPoint":39.59,"humidity":0.73,"windSpeed":10.5,"windBearing":317,"visibility":9.29,"cloudCover":0.12,"pressure":1015.62,"ozone":378.98},{"time":1488258000,"summary":"Clear","icon":"clear-night","precipIntensity":0,"precipProbability":0,"temperature":47.18,"apparentTemperature":42.39,"dewPoint":39.79,"humidity":0.75,"windSpeed":10.41,"windBearing":319,"visibility":8.91,"cloudCover":0.14,"pressure":1016.1,"ozone":376.58},{"time":1488261600,"summary":"Clear","icon":"clear-night","precipIntensity":0,"precipProbability":0,"temperature":46.41,"apparentTemperature":41.54,"dewPoint":39.62,"humidity":0.77,"windSpeed":10.14,"windBearing":321,"visibility":8.68,"cloudCover":0.16,"pressure":1016.56,"ozone":373.7},{"time":1488265200,"summary":"Clear","icon":"clear-night","precipIntensity":0,"precipProbability":0,"temperature":45.92,"apparentTemperature":40.95,"dewPoint":39.32,"humidity":0.78,"windSpeed":10.09,"windBearing":321,"visibility":8.58,"cloudCover":0.15,"pressure":1016.95,"ozone":370.05},{"time":1488268800,"summary":"Clear","icon":"clear-night","precipIntensity":0,"precipProbability":0,"temperature":45.12,"apparentTemperature":39.9,"dewPoint":38.57,"humidity":0.78,"windSpeed":10.22,"windBearing":319,"visibility":8.63,"cloudCover":0.14,"pressure":1017.32,"ozone":365.93},{"time":1488272400,"summary":"Clear","icon":"clear-night","precipIntensity":0,"precipProbability":0,"temperature":44.55,"apparentTemperature":39.19,"dewPoint":38.14,"humidity":0.78,"windSpeed":10.25,"windBearing":319,"visibility":8.66,"cloudCover":0.13,"pressure":1017.71,"ozone":362.57},{"time":1488276000,"summary":"Clear","icon":"clear-night","precipIntensity":0,"precipProbability":0,"temperature":43.77,"apparentTemperature":38.23,"dewPoint":37.63,"humidity":0.79,"windSpeed":10.23,"windBearing":323,"visibility":8.63,"cloudCover":0.13,"pressure":1018.13,"ozone":360.46},{"time":1488279600,"summary":"Clear","icon":"clear-night","precipIntensity":0,"precipProbability":0,"temperature":43.18,"apparentTemperature":37.39,"dewPoint":37.25,"humidity":0.79,"windSpeed":10.51,"windBearing":328,"visibility":8.62,"cloudCover":0.09,"pressure":1018.59,"ozone":359.11},{"time":1488283200,"summary":"Clear","icon":"clear-night","precipIntensity":0,"precipProbability":0,"temperature":42.52,"apparentTemperature":36.77,"dewPoint":36.54,"humidity":0.79,"windSpeed":9.98,"windBearing":334,"visibility":8.63,"cloudCover":0.14,"pressure":1019.12,"ozone":358.32},{"time":1488286800,"summary":"Clear","icon":"clear-night","precipIntensity":0,"precipProbability":0,"temperature":41.77,"apparentTemperature":36.13,"dewPoint":36.11,"humidity":0.8,"windSpeed":9.32,"windBearing":338,"visibility":8.6,"cloudCover":0.15,"pressure":1019.74,"ozone":358.24},{"time":1488290400,"summary":"Clear","icon":"clear-night","precipIntensity":0,"precipProbability":0,"temperature":41.17,"apparentTemperature":35.86,"dewPoint":35.84,"humidity":0.81,"windSpeed":8.31,"windBearing":341,"visibility":8.57,"cloudCover":0.16,"pressure":1020.44,"ozone":358.72},{"time":1488294000,"summary":"Partly Cloudy","icon":"partly-cloudy-day","precipIntensity":0,"precipProbability":0,"temperature":41.86,"apparentTemperature":37.28,"dewPoint":36.35,"humidity":0.81,"windSpeed":7.19,"windBearing":341,"visibility":8.43,"cloudCover":0.28,"pressure":1021.17,"ozone":359.12},{"time":1488297600,"summary":"Partly Cloudy","icon":"partly-cloudy-day","precipIntensity":0,"precipProbability":0,"temperature":44.27,"apparentTemperature":40.33,"dewPoint":37.85,"humidity":0.78,"windSpeed":6.91,"windBearing":341,"visibility":8.79,"cloudCover":0.25,"pressure":1021.97,"ozone":359.04},{"time":1488301200,"summary":"Clear","icon":"clear-day","precipIntensity":0,"precipProbability":0,"temperature":46.87,"apparentTemperature":43.64,"dewPoint":38.29,"humidity":0.72,"windSpeed":6.57,"windBearing":338,"visibility":9.18,"cloudCover":0.21,"pressure":1022.79,"ozone":358.88},{"time":1488304800,"summary":"Clear","icon":"clear-day","precipIntensity":0,"precipProbability":0,"temperature":48.75,"apparentTemperature":46.02,"dewPoint":38.49,"humidity":0.68,"windSpeed":6.29,"windBearing":330,"visibility":9.5,"cloudCover":0.15,"pressure":1023.44,"ozone":359.14},{"time":1488308400,"summary":"Partly Cloudy","icon":"partly-cloudy-day","precipIntensity":0,"precipProbability":0,"temperature":50.88,"apparentTemperature":50.88,"dewPoint":39.19,"humidity":0.64,"windSpeed":6.73,"windBearing":319,"visibility":9.72,"cloudCover":0.26,"pressure":1023.83,"ozone":360.11},{"time":1488312000,"summary":"Partly Cloudy","icon":"partly-cloudy-day","precipIntensity":0,"precipProbability":0,"temperature":53.45,"apparentTemperature":53.45,"dewPoint":40.83,"humidity":0.62,"windSpeed":7.99,"windBearing":309,"visibility":10,"cloudCover":0.35,"pressure":1024.07,"ozone":361.49},{"time":1488315600,"summary":"Partly Cloudy","icon":"partly-cloudy-day","precipIntensity":0,"precipProbability":0,"temperature":56.11,"apparentTemperature":56.11,"dewPoint":42.24,"humidity":0.6,"windSpeed":9.06,"windBearing":303,"visibility":10,"cloudCover":0.4,"pressure":1024.26,"ozone":362.89},{"time":1488319200,"summary":"Partly Cloudy","icon":"partly-cloudy-day","precipIntensity":0,"precipProbability":0,"temperature":57.84,"apparentTemperature":57.84,"dewPoint":43.5,"humidity":0.59,"windSpeed":9.94,"windBearing":300,"visibility":10,"cloudCover":0.3,"pressure":1024.38,"ozone":364.27},{"time":1488322800,"summary":"Clear","icon":"clear-day","precipIntensity":0,"precipProbability":0,"temperature":56.27,"apparentTemperature":56.27,"dewPoint":43.62,"humidity":0.62,"windSpeed":10.89,"windBearing":299,"visibility":10,"cloudCover":0.2,"pressure":1024.48,"ozone":365.68},{"time":1488326400,"summary":"Clear","icon":"clear-day","precipIntensity":0,"precipProbability":0,"temperature":55.52,"apparentTemperature":55.52,"dewPoint":44.04,"humidity":0.65,"windSpeed":11.25,"windBearing":299,"visibility":10,"cloudCover":0.09,"pressure":1024.71,"ozone":366.84},{"time":1488330000,"summary":"Clear","icon":"clear-day","precipIntensity":0,"precipProbability":0,"temperature":54.1,"apparentTemperature":54.1,"dewPoint":44.28,"humidity":0.69,"windSpeed":10.98,"windBearing":302,"visibility":10,"cloudCover":0.04,"pressure":1025.12,"ozone":367.82},{"time":1488333600,"summary":"Clear","icon":"clear-night","precipIntensity":0,"precipProbability":0,"temperature":52.28,"apparentTemperature":52.28,"dewPoint":44.3,"humidity":0.74,"windSpeed":10.17,"windBearing":306,"visibility":10,"cloudCover":0.01,"pressure":1025.64,"ozone":368.55},{"time":1488337200,"summary":"Clear","icon":"clear-night","precipIntensity":0,"precipProbability":0,"temperature":50.53,"apparentTemperature":50.53,"dewPoint":43.98,"humidity":0.78,"windSpeed":9.33,"windBearing":310,"visibility":10,"cloudCover":0.01,"pressure":1026.17,"ozone":368.56},{"time":1488340800,"summary":"Clear","icon":"clear-night","precipIntensity":0,"precipProbability":0,"temperature":49.5,"apparentTemperature":45.9,"dewPoint":43.93,"humidity":0.81,"windSpeed":8.66,"windBearing":315,"visibility":10,"cloudCover":0.02,"pressure":1026.68,"ozone":367.15},{"time":1488344400,"summary":"Clear","icon":"clear-night","precipIntensity":0,"precipProbability":0,"temperature":48.74,"apparentTemperature":45.2,"dewPoint":43.74,"humidity":0.83,"windSpeed":8.06,"windBearing":320,"visibility":10,"cloudCover":0.05,"pressure":1027.17,"ozone":365.01},{"time":1488348000,"summary":"Clear","icon":"clear-night","precipIntensity":0,"precipProbability":0,"temperature":48.09,"apparentTemperature":44.67,"dewPoint":43.53,"humidity":0.84,"windSpeed":7.46,"windBearing":325,"visibility":10,"cloudCover":0.08,"pressure":1027.59,"ozone":363.7},{"time":1488351600,"summary":"Clear","icon":"clear-night","precipIntensity":0,"precipProbability":0,"temperature":47.48,"apparentTemperature":44.28,"dewPoint":43.27,"humidity":0.85,"windSpeed":6.73,"windBearing":329,"visibility":10,"cloudCover":0.1,"pressure":1027.91,"ozone":364.17},{"time":1488355200,"summary":"Clear","icon":"clear-night","precipIntensity":0,"precipProbability":0,"temperature":46.83,"apparentTemperature":43.94,"dewPoint":42.87,"humidity":0.86,"windSpeed":5.93,"windBearing":332,"visibility":10,"cloudCover":0.11,"pressure":1028.16,"ozone":365.47},{"time":1488358800,"summary":"Clear","icon":"clear-night","precipIntensity":0,"precipProbability":0,"temperature":46.15,"apparentTemperature":43.58,"dewPoint":42.41,"humidity":0.87,"windSpeed":5.18,"windBearing":336,"visibility":10,"cloudCover":0.13,"pressure":1028.33,"ozone":366.29},{"time":1488362400,"summary":"Clear","icon":"clear-night","precipIntensity":0,"precipProbability":0,"temperature":45.41,"apparentTemperature":43.12,"dewPoint":41.94,"humidity":0.88,"windSpeed":4.58,"windBearing":341,"visibility":10,"cloudCover":0.14,"pressure":1028.36,"ozone":365.94},{"time":1488366000,"summary":"Clear","icon":"clear-night","precipIntensity":0,"precipProbability":0,"temperature":44.63,"apparentTemperature":42.59,"dewPoint":41.4,"humidity":0.88,"windSpeed":4.1,"windBearing":347,"visibility":10,"cloudCover":0.16,"pressure":1028.33,"ozone":365.11},{"time":1488369600,"summary":"Clear","icon":"clear-night","precipIntensity":0,"precipProbability":0,"temperature":43.88,"apparentTemperature":42.09,"dewPoint":40.8,"humidity":0.89,"windSpeed":3.67,"windBearing":357,"visibility":10,"cloudCover":0.17,"pressure":1028.4,"ozone":364.61},{"time":1488373200,"summary":"Clear","icon":"clear-night","precipIntensity":0,"precipProbability":0,"temperature":43,"apparentTemperature":41.32,"dewPoint":40.07,"humidity":0.89,"windSpeed":3.42,"windBearing":18,"visibility":10,"cloudCover":0.2,"pressure":1028.67,"ozone":364.89},{"time":1488376800,"summary":"Clear","icon":"clear-night","precipIntensity":0,"precipProbability":0,"temperature":42.24,"apparentTemperature":40.4,"dewPoint":39.35,"humidity":0.89,"windSpeed":3.47,"windBearing":36,"visibility":10,"cloudCover":0.22,"pressure":1029.04,"ozone":365.5},{"time":1488380400,"summary":"Clear","icon":"clear-day","precipIntensity":0,"precipProbability":0,"temperature":43.08,"apparentTemperature":41.26,"dewPoint":39.71,"humidity":0.88,"windSpeed":3.58,"windBearing":48,"visibility":10,"cloudCover":0.22,"pressure":1029.42,"ozone":365.89},{"time":1488384000,"summary":"Clear","icon":"clear-day","precipIntensity":0,"precipProbability":0,"temperature":45,"apparentTemperature":43.47,"dewPoint":40.2,"humidity":0.83,"windSpeed":3.56,"windBearing":60,"visibility":10,"cloudCover":0.16,"pressure":1029.82,"ozone":365.74},{"time":1488387600,"summary":"Clear","icon":"clear-day","precipIntensity":0,"precipProbability":0,"temperature":47.38,"apparentTemperature":46.23,"dewPoint":40.48,"humidity":0.77,"windSpeed":3.53,"windBearing":69,"visibility":10,"cloudCover":0.08,"pressure":1030.2,"ozone":365.37},{"time":1488391200,"summary":"Clear","icon":"clear-day","precipIntensity":0,"precipProbability":0,"temperature":49.52,"apparentTemperature":48.9,"dewPoint":40.61,"humidity":0.71,"windSpeed":3.26,"windBearing":70,"visibility":10,"cloudCover":0.01,"pressure":1030.37,"ozone":365.25},{"time":1488394800,"summary":"Clear","icon":"clear-day","precipIntensity":0,"precipProbability":0,"temperature":51.42,"apparentTemperature":51.42,"dewPoint":40.93,"humidity":0.67,"windSpeed":2.62,"windBearing":56,"visibility":10,"cloudCover":0,"pressure":1030.2,"ozone":365.81},{"time":1488398400,"summary":"Clear","icon":"clear-day","precipIntensity":0,"precipProbability":0,"temperature":53.57,"apparentTemperature":53.57,"dewPoint":41.65,"humidity":0.64,"windSpeed":2.24,"windBearing":21,"visibility":10,"cloudCover":0,"pressure":1029.81,"ozone":366.63},{"time":1488402000,"summary":"Clear","icon":"clear-day","precipIntensity":0,"precipProbability":0,"temperature":55.82,"apparentTemperature":55.82,"dewPoint":42.65,"humidity":0.61,"windSpeed":2.66,"windBearing":347,"visibility":10,"cloudCover":0,"pressure":1029.4,"ozone":366.9},{"time":1488405600,"summary":"Clear","icon":"clear-day","precipIntensity":0,"precipProbability":0,"temperature":58.1,"apparentTemperature":58.1,"dewPoint":43.66,"humidity":0.59,"windSpeed":3.39,"windBearing":325,"visibility":10,"cloudCover":0,"pressure":1028.99,"ozone":366.12},{"time":1488409200,"summary":"Clear","icon":"clear-day","precipIntensity":0,"precipProbability":0,"temperature":60.17,"apparentTemperature":60.17,"dewPoint":44.75,"humidity":0.57,"windSpeed":4.24,"windBearing":312,"visibility":10,"cloudCover":0,"pressure":1028.58,"ozone":364.8}]},"daily":{"summary":"Light rain throughout the week, with temperatures rising to 64°F on Thursday.","icon":"rain","data":[{"time":1488182400,"summary":"Mostly cloudy in the morning.","icon":"partly-cloudy-night","sunriseTime":1488206703,"sunsetTime":1488247355,"moonPhase":0.04,"precipIntensity":0.0017,"precipIntensityMax":0.0134,"precipIntensityMaxTime":1488182400,"precipProbability":0.55,"precipType":"rain","temperatureMin":43.24,"temperatureMinTime":1488207600,"temperatureMax":54.34,"temperatureMaxTime":1488236400,"apparentTemperatureMin":40.95,"apparentTemperatureMinTime":1488265200,"apparentTemperatureMax":54.34,"apparentTemperatureMaxTime":1488236400,"dewPoint":40.07,"humidity":0.74,"windSpeed":5.98,"windBearing":315,"visibility":8.76,"cloudCover":0.32,"pressure":1014.44,"ozone":373.23},{"time":1488268800,"summary":"Partly cloudy in the morning.","icon":"partly-cloudy-day","sunriseTime":1488293020,"sunsetTime":1488333816,"moonPhase":0.08,"precipIntensity":0,"precipIntensityMax":0,"precipProbability":0,"temperatureMin":41.17,"temperatureMinTime":1488290400,"temperatureMax":57.84,"temperatureMaxTime":1488319200,"apparentTemperatureMin":35.86,"apparentTemperatureMinTime":1488290400,"apparentTemperatureMax":57.84,"apparentTemperatureMaxTime":1488319200,"dewPoint":40.48,"humidity":0.74,"windSpeed":8.61,"windBearing":319,"visibility":9.41,"cloudCover":0.16,"pressure":1023.02,"ozone":362.74},{"time":1488355200,"summary":"Clear throughout the day.","icon":"clear-day","sunriseTime":1488379336,"sunsetTime":1488420276,"moonPhase":0.11,"precipIntensity":0,"precipIntensityMax":0,"precipProbability":0,"temperatureMin":42.24,"temperatureMinTime":1488376800,"temperatureMax":61.25,"temperatureMaxTime":1488412800,"apparentTemperatureMin":40.4,"apparentTemperatureMinTime":1488376800,"apparentTemperatureMax":61.25,"apparentTemperatureMaxTime":1488412800,"dewPoint":42.86,"humidity":0.77,"windSpeed":3.03,"windBearing":340,"visibility":10,"cloudCover":0.09,"pressure":1028.94,"ozone":363.81},{"time":1488441600,"summary":"Partly cloudy in the morning.","icon":"partly-cloudy-night","sunriseTime":1488465651,"sunsetTime":1488506736,"moonPhase":0.15,"precipIntensity":0,"precipIntensityMax":0,"precipProbability":0,"temperatureMin":42.84,"temperatureMinTime":1488463200,"temperatureMax":63.92,"temperatureMaxTime":1488495600,"apparentTemperatureMin":42.84,"apparentTemperatureMinTime":1488463200,"apparentTemperatureMax":63.92,"apparentTemperatureMaxTime":1488495600,"dewPoint":45.07,"humidity":0.78,"windSpeed":2.21,"windBearing":316,"visibility":10,"cloudCover":0.19,"pressure":1026.86,"ozone":330.49},{"time":1488528000,"summary":"Mostly cloudy throughout the day.","icon":"partly-cloudy-day","sunriseTime":1488551965,"sunsetTime":1488593195,"moonPhase":0.19,"precipIntensity":0,"precipIntensityMax":0,"precipProbability":0,"temperatureMin":45.21,"temperatureMinTime":1488549600,"temperatureMax":61.27,"temperatureMaxTime":1488582000,"apparentTemperatureMin":43.85,"apparentTemperatureMinTime":1488546000,"apparentTemperatureMax":61.27,"apparentTemperatureMaxTime":1488582000,"dewPoint":44.77,"humidity":0.76,"windSpeed":3.96,"windBearing":274,"cloudCover":0.72,"pressure":1021.18,"ozone":312.69},{"time":1488614400,"summary":"Overcast throughout the day.","icon":"cloudy","sunriseTime":1488638279,"sunsetTime":1488679654,"moonPhase":0.23,"precipIntensity":0,"precipIntensityMax":0,"precipProbability":0,"temperatureMin":48.59,"temperatureMinTime":1488636000,"temperatureMax":59.34,"temperatureMaxTime":1488672000,"apparentTemperatureMin":47.13,"apparentTemperatureMinTime":1488632400,"apparentTemperatureMax":59.34,"apparentTemperatureMaxTime":1488672000,"dewPoint":49.12,"humidity":0.84,"windSpeed":4.71,"windBearing":255,"cloudCover":0.96,"pressure":1016.29,"ozone":303.45},{"time":1488700800,"summary":"Rain throughout the day and breezy until evening.","icon":"rain","sunriseTime":1488724593,"sunsetTime":1488766113,"moonPhase":0.26,"precipIntensity":0.0352,"precipIntensityMax":0.1081,"precipIntensityMaxTime":1488769200,"precipProbability":0.81,"precipType":"rain","temperatureMin":47.51,"temperatureMinTime":1488783600,"temperatureMax":56.05,"temperatureMaxTime":1488754800,"apparentTemperatureMin":44.79,"apparentTemperatureMinTime":1488783600,"apparentTemperatureMax":56.05,"apparentTemperatureMaxTime":1488754800,"dewPoint":48.8,"humidity":0.87,"windSpeed":13.75,"windBearing":199,"cloudCover":0.97,"pressure":1012.87,"ozone":305.97},{"time":1488787200,"summary":"Mostly cloudy throughout the day.","icon":"partly-cloudy-day","sunriseTime":1488810905,"sunsetTime":1488852572,"moonPhase":0.3,"precipIntensity":0.0032,"precipIntensityMax":0.0198,"precipIntensityMaxTime":1488787200,"precipProbability":0.6,"precipType":"rain","temperatureMin":43.1,"temperatureMinTime":1488808800,"temperatureMax":58.09,"temperatureMaxTime":1488844800,"apparentTemperatureMin":40.41,"apparentTemperatureMinTime":1488805200,"apparentTemperatureMax":58.09,"apparentTemperatureMaxTime":1488844800,"dewPoint":40.21,"humidity":0.69,"windSpeed":3.91,"windBearing":312,"cloudCover":0.49,"pressure":1021.23,"ozone":300.61}]},"flags":{"sources":["lamp","gfs","cmc","nam","rap","rtma","sref","fnmoc","isd","madis","nearest-precip","nwspa","darksky"],"lamp-stations":["KAPC","KCCR","KHWD","KLVK","KNUQ","KOAK","KPAO","KSFO","KSQL"],"isd-stations":["724943-99999","745039-99999","745045-99999","745060-23239","745065-99999","994016-99999","994033-99999","994036-99999","997734-99999","998163-99999","998197-99999","998476-99999","998477-99999","998479-99999","999999-23239","999999-23272"],"madis-stations":["AU915","C5988","C8158","C9629","CQ147","D5422","D8008","E0426","E6067","E9227","FTPC1","GGBC1","OKXC1","OMHC1","PPXC1","SFOC1"],"units":"us"}}