{"latitude":42.35905,"longitude":-71.094775,"timezone":"America/New_York","offset":-5,"currently":{"time":1488236752,"summary":"Clear","icon":"clear-night","nearestStormDistance":55,"nearestStormBearing":348,"precipIntensity":0,"precipProbability":0,"temperature":48.02,"apparentTemperature":43.22,"dewPoint":21.1,"humidity":0.34,"windSpeed":11.09,"windBearing":227,"visibility":10,"cloudCover":0.09,"pressure":1025.55,"ozone":338.82},"minutely":{"summary":"Clear for the hour.","icon":"clear-night","data":[{"time":1488236700,"precipIntensity":0,"precipProbability":0},{"time":1488236760,"precipIntensity":0,"precipProbability":0},{"time":1488236820,"precipIntensity":0,"precipProbability":0},{"time":1488236880,"precipIntensity":0,"precipProbability":0},{"time":1488236940,"precipIntensity":0,"precipProbability":0},{"time":1488237000,"precipIntensity":0,"precipProbability":0},{"time":1488237060,"precipIntensity":0,"precipProbability":0},{"time":1488237120,"precipIntensity":0,"precipProbability":0},{"time":1488237180,"precipIntensity":0,"precipProbability":0},{"time":1488237240,"precipIntensity":0,"precipProbability":0},{"time":1488237300,"precipIntensity":0,"precipProbability":0},{"time":1488237360,"precipIntensity":0,"precipProbability":0},{"time":1488237420,"precipIntensity":0,"precipProbability":0},{"time":1488237480,"precipIntensity":0,"precipProbability":0},{"time":1488237540,"precipIntensity":0,"precipProbability":0},{"time":1488237600,"precipIntensity":0,"precipProbability":0},{"time":1488237660,"precipIntensity":0,"precipProbability":0},{"time":1488237720,"precipIntensity":0,"precipProbability":0},{"time":1488237780,"precipIntensity":0,"precipProbability":0},{"time":1488237840,"precipIntensity":0,"precipProbability":0},{"time":1488237900,"precipIntensity":0,"precipProbability":0},{"time":1488237960,"precipIntensity":0,"precipProbability":0},{"time":1488238020,"precipIntensity":0,"precipProbability":0},{"time":1488238080,"precipIntensity":0,"precipProbability":0},{"time":1488238140,"precipIntensity":0,"precipProbability":0},{"time":1488238200,"precipIntensity":0,"precipProbability":0},{"time":1488238260,"precipIntensity":0,"precipProbability":0},{"time":1488238320,"precipIntensity":0,"precipProbability":0},{"time":1488238380,"precipIntensity":0,"precipProbability":0},{"time":1488238440,"precipIntensity":0,"precipProbability":0},{"time":1488238500,"precipIntensity":0,"precipProbability":0},{"time":1488238560,"precipIntensity":0,"precipProbability":0},{"time":1488238620,"precipIntensity":0,"precipProbability":0},{"time":1488238680,"precipIntensity":0,"precipProbability":0},{"time":1488238740,"precipIntensity":0,"precipProbability":0},{"time":1488238800,"precipIntensity":0,"precipProbability":0},{"time":1488238860,"precipIntensity":0,"precipProbability":0},{"time":1488238920,"precipIntensity":0,"precipProbability":0},{"time":1488238980,"precipIntensity":0,"precipProbability":0},{"time":1488239040,"precipIntensity":0,"precipProbability":0},{"time":1488239100,"precipIntensity":0,"precipProbability":0},{"time":1488239160,"precipIntensity":0,"precipProbability":0},{"time":1488239220,"precipIntensity":0,"precipProbability":0},{"time":1488239280,"precipIntensity":0,"precipProbability":0},{"time":1488239340,"precipIntensity":0,"precipProbability":0},{"time":1488239400,"precipIntensity":0,"precipProbability":0},{"time":1488239460,"precipIntensity":0,"precipProbability":0},{"time":1488239520,"precipIntensity":0,"precipProbability":0},{"time":1488239580,"precipIntensity":0,"precipProbability":0},{"time":1488239640,"precipIntensity":0,"precipProbability":0},{"time":1488239700,"precipIntensity":0,"precipProbability":0},{"time":1488239760,"precipIntensity":0,"precipProbability":0},{"time":1488239820,"precipIntensity":0,"precipProbability":0},{"time":1488239880,"precipIntensity":0,"precipProbability":0},{"time":1488239940,"precipIntensity":0,"precipProbability":0},{"time":1488240000,"precipIntensity":0,"precipProbability":0},{"time":1488240060,"precipIntensity":0,"precipProbability":0},{"time":1488240120,"precipIntensity":0,"precipProbability":0},{"time":1488240180,"precipIntensity":0,"precipProbability":0},{"time":1488240240,"precipIntensity":0,"precipProbability":0},{"time":1488240300,"precipIntensity":0,"precipProbability":0}]},"hourly":{"summary":"Mostly cloudy starting tonight.","icon":"partly-cloudy-day","data":[{"time":1488236400,"summary":"Clear","icon":"clear-night","precipIntensity":0,"precipProbability":0,"temperature":48.02,"apparentTemperature":43.24,"dewPoint":20.01,"humidity":0.33,"windSpeed":11.03,"windBearing":229,"visibility":10,"cloudCover":0.09,"pressure":1025.33,"ozone":338.89},{"time":1488240000,"summary":"Clear","icon":"clear-night","precipIntensity":0,"precipProbability":0,"temperature":46.93,"apparentTemperature":41.58,"dewPoint":28.54,"humidity":0.49,"windSpeed":11.97,"windBearing":214,"visibility":10,"cloudCover":0.07,"pressure":1027.57,"ozone":338.19},{"time":1488243600,"summary":"Clear","icon":"clear-night","precipIntensity":0,"precipProbability":0,"temperature":45.24,"apparentTemperature":39.51,"dewPoint":29.6,"humidity":0.54,"windSpeed":11.78,"windBearing":212,"visibility":10,"cloudCover":0,"pressure":1028.14,"ozone":335.49},{"time":1488247200,"summary":"Clear","icon":"clear-night","precipIntensity":0,"precipProbability":0,"temperature":43.69,"apparentTemperature":38.02,"dewPoint":31.22,"humidity":0.61,"windSpeed":10.49,"windBearing":214,"visibility":10,"cloudCover":0,"pressure":1028.58,"ozone":331.76},{"time":1488250800,"summary":"Clear","icon":"clear-night","precipIntensity":0,"precipProbability":0,"temperature":42.38,"apparentTemperature":36.71,"dewPoint":32.59,"humidity":0.68,"windSpeed":9.72,"windBearing":214,"visibility":9.95,"cloudCover":0,"pressure":1028.89,"ozone":328.87},{"time":1488254400,"summary":"Clear","icon":"clear-night","precipIntensity":0,"precipProbability":0,"temperature":41.17,"apparentTemperature":35.96,"dewPoint":33.2,"humidity":0.73,"windSpeed":8.1,"windBearing":219,"visibility":9.76,"cloudCover":0.01,"pressure":1029.01,"ozone":327.61},{"time":1488258000,"summary":"Clear","icon":"clear-night","precipIntensity":0,"precipProbability":0,"temperature":40.39,"apparentTemperature":35.35,"dewPoint":33.59,"humidity":0.76,"windSpeed":7.47,"windBearing":215,"visibility":9.49,"cloudCover":0.17,"pressure":1029.32,"ozone":327.17},{"time":1488261600,"summary":"Partly Cloudy","icon":"partly-cloudy-night","precipIntensity":0,"precipProbability":0,"temperature":40.2,"apparentTemperature":35.32,"dewPoint":34.1,"humidity":0.79,"windSpeed":7.1,"windBearing":217,"visibility":9.37,"cloudCover":0.36,"pressure":1029.38,"ozone":326.99},{"time":1488265200,"summary":"Partly Cloudy","icon":"partly-cloudy-night","precipIntensity":0,"precipProbability":0,"temperature":39.95,"apparentTemperature":35.36,"dewPoint":34.25,"humidity":0.8,"windSpeed":6.54,"windBearing":222,"visibility":9.33,"cloudCover":0.54,"pressure":1029.45,"ozone":326.77},{"time":1488268800,"summary":"Mostly Cloudy","icon":"partly-cloudy-night","precipIntensity":0,"precipProbability":0,"temperature":39.46,"apparentTemperature":35.1,"dewPoint":34.12,"humidity":0.81,"windSpeed":6.02,"windBearing":223,"visibility":9.22,"cloudCover":0.76,"pressure":1029.52,"ozone":326.81},{"time":1488272400,"summary":"Overcast","icon":"cloudy","precipIntensity":0,"precipProbability":0,"temperature":38.86,"apparentTemperature":34.97,"dewPoint":33.96,"humidity":0.82,"windSpeed":5.21,"windBearing":225,"visibility":9.12,"cloudCover":0.95,"pressure":1029.62,"ozone":327.4},{"time":1488276000,"summary":"Overcast","icon":"cloudy","precipIntensity":0,"precipProbability":0,"temperature":38.56,"apparentTemperature":35.18,"dewPoint":33.37,"humidity":0.81,"windSpeed":4.52,"windBearing":227,"visibility":9.14,"cloudCover":0.99,"pressure":1029.78,"ozone":328.98},{"time":1488279600,"summary":"Overcast","icon":"cloudy","precipIntensity":0,"precipProbability":0,"temperature":37.58,"apparentTemperature":34.66,"dewPoint":32.78,"humidity":0.83,"windSpeed":3.87,"windBearing":220,"visibility":9.13,"cloudCover":0.98,"pressure":1029.96,"ozone":331.11},{"time":1488283200,"summary":"Overcast","icon":"cloudy","precipIntensity":0,"precipProbability":0,"temperature":38.76,"apparentTemperature":36.55,"dewPoint":33.85,"humidity":0.82,"windSpeed":3.35,"windBearing":206,"visibility":9,"cloudCover":0.97,"pressure":1030.1,"ozone":332.74},{"time":1488286800,"summary":"Overcast","icon":"cloudy","precipIntensity":0.0011,"precipProbability":0.02,"precipType":"rain","temperature":41.29,"apparentTemperature":41.29,"dewPoint":35.32,"humidity":0.79,"windSpeed":2.14,"windBearing":217,"visibility":9.12,"cloudCover":0.98,"pressure":1030.27,"ozone":333.52},{"time":1488290400,"summary":"Overcast","icon":"cloudy","precipIntensity":0.0022,"precipProbability":0.06,"precipType":"rain","temperature":43.01,"apparentTemperature":43.01,"dewPoint":35.72,"humidity":0.75,"windSpeed":1.04,"windBearing":211,"visibility":8.86,"cloudCover":0.99,"pressure":1030.44,"ozone":333.8},{"time":1488294000,"summary":"Overcast","icon":"cloudy","precipIntensity":0.0033,"precipProbability":0.11,"precipType":"rain","temperature":45.33,"apparentTemperature":45.33,"dewPoint":36.03,"humidity":0.7,"windSpeed":1.56,"windBearing":131,"visibility":9.45,"cloudCover":0.98,"pressure":1030.38,"ozone":333.57},{"time":1488297600,"summary":"Mostly Cloudy","icon":"partly-cloudy-day","precipIntensity":0.0038,"precipProbability":0.14,"precipType":"rain","temperature":46.77,"apparentTemperature":45.62,"dewPoint":36.94,"humidity":0.68,"windSpeed":3.43,"windBearing":131,"visibility":9.52,"cloudCover":0.91,"pressure":1029.87,"ozone":332.75},{"time":1488301200,"summary":"Mostly Cloudy","icon":"partly-cloudy-day","precipIntensity":0.0031,"precipProbability":0.1,"precipType":"rain","temperature":50.06,"apparentTemperature":50.06,"dewPoint":38.92,"humidity":0.65,"windSpeed":5.32,"windBearing":132,"visibility":9.76,"cloudCover":0.82,"pressure":1029.14,"ozone":331.42},{"time":1488304800,"summary":"Mostly Cloudy","icon":"partly-cloudy-day","precipIntensity":0.0021,"precipProbability":0.05,"precipType":"rain","temperature":53.29,"apparentTemperature":53.29,"dewPoint":41.2,"humidity":0.63,"windSpeed":6.78,"windBearing":134,"visibility":9.88,"cloudCover":0.76,"pressure":1028.33,"ozone":329.79},{"time":1488308400,"summary":"Mostly Cloudy","icon":"partly-cloudy-day","precipIntensity":0.0012,"precipProbability":0.02,"precipType":"rain","temperature":56.44,"apparentTemperature":56.44,"dewPoint":44.19,"humidity":0.63,"windSpeed":8.15,"windBearing":133,"visibility":9.9,"cloudCover":0.75,"pressure":1027.4,"ozone":327.81},{"time":1488312000,"summary":"Mostly Cloudy","icon":"partly-cloudy-day","precipIntensity":0,"precipProbability":0,"temperature":58.43,"apparentTemperature":58.43,"dewPoint":47.07,"humidity":0.66,"windSpeed":9.28,"windBearing":130,"visibility":9.93,"cloudCover":0.76,"pressure":1026.29,"ozone":325.53},{"time":1488315600,"summary":"Mostly Cloudy","icon":"partly-cloudy-day","precipIntensity":0,"precipProbability":0,"temperature":56.7,"apparentTemperature":56.7,"dewPoint":46.42,"humidity":0.68,"windSpeed":9.18,"windBearing":124,"visibility":9.85,"cloudCover":0.78,"pressure":1025.33,"ozone":323.35},{"time":1488319200,"summary":"Mostly Cloudy","icon":"partly-cloudy-day","precipIntensity":0,"precipProbability":0,"temperature":53.43,"apparentTemperature":53.43,"dewPoint":44.69,"humidity":0.72,"windSpeed":8.64,"windBearing":124,"visibility":9.47,"cloudCover":0.83,"pressure":1024.7,"ozone":321.11},{"time":1488322800,"summary":"Mostly Cloudy","icon":"partly-cloudy-night","precipIntensity":0.0011,"precipProbability":0.02,"precipType":"rain","temperature":51.17,"apparentTemperature":51.17,"dewPoint":44.51,"humidity":0.78,"windSpeed":8.48,"windBearing":129,"visibility":9.68,"cloudCover":0.88,"pressure":1024.22,"ozone":318.98},{"time":1488326400,"summary":"Overcast","icon":"cloudy","precipIntensity":0.0017,"precipProbability":0.04,"precipType":"rain","temperature":48.61,"apparentTemperature":44.77,"dewPoint":43.7,"humidity":0.83,"windSpeed":8.77,"windBearing":135,"visibility":9.78,"cloudCover":0.97,"pressure":1023.63,"ozone":317.81},{"time":1488330000,"summary":"Overcast","icon":"cloudy","precipIntensity":0.0011,"precipProbability":0.01,"precipType":"rain","temperature":48.03,"apparentTemperature":43.94,"dewPoint":44.53,"humidity":0.88,"windSpeed":9.06,"windBearing":139,"visibility":9.93,"cloudCover":1,"pressure":1022.83,"ozone":318.25},{"time":1488333600,"summary":"Overcast","icon":"cloudy","precipIntensity":0,"precipProbability":0,"temperature":48.43,"apparentTemperature":44.38,"dewPoint":46.11,"humidity":0.92,"windSpeed":9.22,"windBearing":143,"visibility":10,"cloudCover":1,"pressure":1021.9,"ozone":319.66},{"time":1488337200,"summary":"Overcast","icon":"cloudy","precipIntensity":0.0027,"precipProbability":0.08,"precipType":"rain","temperature":48.92,"apparentTemperature":44.95,"dewPoint":47.42,"humidity":0.95,"windSpeed":9.3,"windBearing":144,"visibility":9.46,"cloudCover":1,"pressure":1020.75,"ozone":320.9},{"time":1488340800,"summary":"Light Rain","icon":"rain","precipIntensity":0.0114,"precipProbability":0.53,"precipType":"rain","temperature":49.02,"apparentTemperature":44.94,"dewPoint":47.99,"humidity":0.96,"windSpeed":9.68,"windBearing":144,"visibility":7.42,"cloudCover":1,"pressure":1019.37,"ozone":321.8},{"time":1488344400,"summary":"Light Rain","icon":"rain","precipIntensity":0.023,"precipProbability":0.63,"precipType":"rain","temperature":48.77,"apparentTemperature":44.57,"dewPoint":47.84,"humidity":0.97,"windSpeed":9.82,"windBearing":143,"visibility":4.75,"cloudCover":1,"pressure":1017.79,"ozone":322.54},{"time":1488348000,"summary":"Light Rain","icon":"rain","precipIntensity":0.0308,"precipProbability":0.66,"precipType":"rain","temperature":49.6,"apparentTemperature":45.6,"dewPoint":48.69,"humidity":0.97,"windSpeed":9.82,"windBearing":141,"visibility":3.36,"cloudCover":1,"pressure":1016.15,"ozone":322.5},{"time":1488351600,"summary":"Light Rain","icon":"rain","precipIntensity":0.0319,"precipProbability":0.67,"precipType":"rain","temperature":50.29,"apparentTemperature":50.29,"dewPoint":49.37,"humidity":0.97,"windSpeed":10.11,"windBearing":139,"visibility":4.45,"cloudCover":1,"pressure":1014.38,"ozone":321.24},{"time":1488355200,"summary":"Light Rain","icon":"rain","precipIntensity":0.0293,"precipProbability":0.66,"precipType":"rain","temperature":50.91,"apparentTemperature":50.91,"dewPoint":49.9,"humidity":0.96,"windSpeed":10.76,"windBearing":138,"visibility":6.81,"cloudCover":1,"pressure":1012.59,"ozone":319.2},{"time":1488358800,"summary":"Light Rain","icon":"rain","precipIntensity":0.025,"precipProbability":0.64,"precipType":"rain","temperature":51.29,"apparentTemperature":51.29,"dewPoint":50.18,"humidity":0.96,"windSpeed":11.12,"windBearing":144,"visibility":8.67,"cloudCover":1,"pressure":1011.01,"ozone":317.18},{"time":1488362400,"summary":"Light Rain","icon":"rain","precipIntensity":0.0183,"precipProbability":0.59,"precipType":"rain","temperature":51.53,"apparentTemperature":51.53,"dewPoint":50.4,"humidity":0.96,"windSpeed":10.25,"windBearing":158,"visibility":9.28,"cloudCover":1,"pressure":1009.77,"ozone":315.18},{"time":1488366000,"summary":"Light Rain","icon":"rain","precipIntensity":0.0098,"precipProbability":0.5,"precipType":"rain","temperature":51.8,"apparentTemperature":51.8,"dewPoint":50.64,"humidity":0.96,"windSpeed":10.38,"windBearing":181,"visibility":9.39,"cloudCover":1,"pressure":1008.71,"ozone":313.19},{"time":1488369600,"summary":"Overcast","icon":"cloudy","precipIntensity":0.0035,"precipProbability":0.12,"precipType":"rain","temperature":52.46,"apparentTemperature":52.46,"dewPoint":51.06,"humidity":0.95,"windSpeed":11.75,"windBearing":197,"visibility":9.47,"cloudCover":1,"pressure":1007.64,"ozone":311.94},{"time":1488373200,"summary":"Overcast","icon":"cloudy","precipIntensity":0,"precipProbability":0,"temperature":54.03,"apparentTemperature":54.03,"dewPoint":51.93,"humidity":0.93,"windSpeed":12.96,"windBearing":199,"visibility":9.69,"cloudCover":0.97,"pressure":1006.48,"ozone":312.04},{"time":1488376800,"summary":"Mostly Cloudy","icon":"partly-cloudy-day","precipIntensity":0,"precipProbability":0,"temperature":56.36,"apparentTemperature":56.36,"dewPoint":53.29,"humidity":0.89,"windSpeed":13.96,"windBearing":196,"visibility":9.87,"cloudCover":0.93,"pressure":1005.31,"ozone":312.89},{"time":1488380400,"summary":"Mostly Cloudy","icon":"partly-cloudy-day","precipIntensity":0.0022,"precipProbability":0.06,"precipType":"rain","temperature":58.84,"apparentTemperature":58.84,"dewPoint":55.06,"humidity":0.87,"windSpeed":14.84,"windBearing":192,"visibility":10,"cloudCover":0.91,"pressure":1004.11,"ozone":313.41},{"time":1488384000,"summary":"Light Rain","icon":"rain","precipIntensity":0.0316,"precipProbability":0.67,"precipType":"rain","temperature":60.97,"apparentTemperature":60.97,"dewPoint":57.08,"humidity":0.87,"windSpeed":15.66,"windBearing":191,"visibility":10,"cloudCover":0.93,"pressure":1002.77,"ozone":313.04},{"time":1488387600,"summary":"Rain","icon":"rain","precipIntensity":0.0701,"precipProbability":0.76,"precipType":"rain","temperature":62.88,"apparentTemperature":62.88,"dewPoint":59.19,"humidity":0.88,"windSpeed":16.42,"windBearing":191,"visibility":10,"cloudCover":0.97,"pressure":1001.38,"ozone":312.34},{"time":1488391200,"summary":"Rain","icon":"rain","precipIntensity":0.0889,"precipProbability":0.79,"precipType":"rain","temperature":64.59,"apparentTemperature":64.59,"dewPoint":61.04,"humidity":0.88,"windSpeed":16.97,"windBearing":192,"visibility":10,"cloudCover":0.99,"pressure":1000.01,"ozone":311.95},{"time":1488394800,"summary":"Rain","icon":"rain","precipIntensity":0.0702,"precipProbability":0.76,"precipType":"rain","temperature":66.38,"apparentTemperature":66.38,"dewPoint":62.76,"humidity":0.88,"windSpeed":17.24,"windBearing":193,"visibility":9.89,"cloudCover":1,"pressure":999,"ozone":311.96},{"time":1488398400,"summary":"Light Rain","icon":"rain","precipIntensity":0.0322,"precipProbability":0.67,"precipType":"rain","temperature":67.93,"apparentTemperature":67.93,"dewPoint":64.2,"humidity":0.88,"windSpeed":17.37,"windBearing":195,"visibility":9.74,"cloudCover":1,"pressure":998.21,"ozone":312.28},{"time":1488402000,"summary":"Overcast","icon":"cloudy","precipIntensity":0.0029,"precipProbability":0.09,"precipType":"rain","temperature":68.88,"apparentTemperature":68.88,"dewPoint":65.07,"humidity":0.88,"windSpeed":17.52,"windBearing":197,"visibility":9.6,"cloudCover":1,"pressure":997.49,"ozone":313.27},{"time":1488405600,"summary":"Overcast","icon":"cloudy","precipIntensity":0,"precipProbability":0,"temperature":67.47,"apparentTemperature":67.47,"dewPoint":63.63,"humidity":0.88,"windSpeed":17.72,"windBearing":198,"visibility":9.52,"cloudCover":0.98,"pressure":997.08,"ozone":315.23},{"time":1488409200,"summary":"Overcast","icon":"cloudy","precipIntensity":0,"precipProbability":0,"temperature":64.15,"apparentTemperature":64.15,"dewPoint":60.31,"humidity":0.87,"windSpeed":17.85,"windBearing":199,"visibility":9.46,"cloudCover":0.97,"pressure":996.89,"ozone":317.86}]},"daily":{"summary":"Mixed precipitation tomorrow through Sunday, with temperatures peaking at 69°F on Wednesday.","icon":"rain","data":[{"time":1488171600,"summary":"Partly cloudy overnight.","icon":"partly-cloudy-night","sunriseTime":1488194648,"sunsetTime":1488234776,"moonPhase":0.04,"precipIntensity":0,"precipIntensityMax":0,"precipProbability":0,"temperatureMin":30.22,"temperatureMinTime":1488193200,"temperatureMax":53.28,"temperatureMaxTime":1488229200,"apparentTemperatureMin":23.56,"apparentTemperatureMinTime":1488193200,"apparentTemperatureMax":53.28,"apparentTemperatureMaxTime":1488229200,"dewPoint":22.91,"humidity":0.51,"windSpeed":8.1,"windBearing":223,"visibility":9.94,"cloudCover":0.07,"pressure":1025.83,"ozone":343.1},{"time":1488258000,"summary":"Light rain overnight.","icon":"rain","sunriseTime":1488280952,"sunsetTime":1488321249,"moonPhase":0.07,"precipIntensity":0.0015,"precipIntensityMax":0.0114,"precipIntensityMaxTime":1488340800,"precipProbability":0.53,"precipType":"rain","temperatureMin":37.58,"temperatureMinTime":1488279600,"temperatureMax":58.43,"temperatureMaxTime":1488312000,"apparentTemperatureMin":34.66,"apparentTemperatureMinTime":1488279600,"apparentTemperatureMax":58.43,"apparentTemperatureMaxTime":1488312000,"dewPoint":39.62,"humidity":0.78,"windSpeed":4.99,"windBearing":157,"visibility":9.41,"cloudCover":0.84,"pressure":1027.17,"ozone":326.58},{"time":1488344400,"summary":"Rain until afternoon.","icon":"rain","sunriseTime":1488367255,"sunsetTime":1488407722,"moonPhase":0.11,"precipIntensity":0.0193,"precipIntensityMax":0.0889,"precipIntensityMaxTime":1488391200,"precipProbability":0.79,"precipType":"rain","temperatureMin":48.77,"temperatureMinTime":1488344400,"temperatureMax":68.88,"temperatureMaxTime":1488402000,"apparentTemperatureMin":44.57,"apparentTemperatureMinTime":1488344400,"apparentTemperatureMax":68.88,"apparentTemperatureMaxTime":1488402000,"dewPoint":55.95,"humidity":0.91,"windSpeed":13.63,"windBearing":187,"visibility":8.77,"cloudCover":0.96,"pressure":1003.52,"ozone":317.48},{"time":1488430800,"summary":"Drizzle in the morning.","icon":"rain","sunriseTime":1488453558,"sunsetTime":1488494195,"moonPhase":0.15,"precipIntensity":0.0012,"precipIntensityMax":0.0068,"precipIntensityMaxTime":1488456000,"precipProbability":0.33,"precipType":"rain","temperatureMin":32.54,"temperatureMinTime":1488513600,"temperatureMax":66.71,"temperatureMaxTime":1488430800,"apparentTemperatureMin":24.24,"apparentTemperatureMinTime":1488513600,"apparentTemperatureMax":66.71,"apparentTemperatureMaxTime":1488430800,"dewPoint":33.43,"humidity":0.61,"windSpeed":15.06,"windBearing":255,"visibility":9.99,"cloudCover":0.26,"pressure":1003.54,"ozone":372.65},{"time":1488517200,"summary":"Drizzle starting in the afternoon, continuing until evening.","icon":"rain","sunriseTime":1488539860,"sunsetTime":1488580667,"moonPhase":0.18,"precipIntensity":0.0012,"precipIntensityMax":0.0053,"precipIntensityMaxTime":1488574800,"precipProbability":0.23,"precipType":"snow","precipAccumulation":0.221,"temperatureMin":28.4,"temperatureMinTime":1488538800,"temperatureMax":43.17,"temperatureMaxTime":1488560400,"apparentTemperatureMin":21.49,"apparentTemperatureMinTime":1488600000,"apparentTemperatureMax":41.88,"apparentTemperatureMaxTime":1488560400,"dewPoint":15.29,"humidity":0.45,"windSpeed":5.71,"windBearing":306,"cloudCover":0.54,"pressure":1018.37,"ozone":399.64},{"time":1488603600,"summary":"Partly cloudy in the morning.","icon":"partly-cloudy-night","sunriseTime":1488626161,"sunsetTime":1488667139,"moonPhase":0.22,"precipIntensity":0,"precipIntensityMax":0,"precipProbability":0,"temperatureMin":18.88,"temperatureMinTime":1488628800,"temperatureMax":40.71,"temperatureMaxTime":1488661200,"apparentTemperatureMin":5.5,"apparentTemperatureMinTime":1488628800,"apparentTemperatureMax":33.31,"apparentTemperatureMaxTime":1488661200,"dewPoint":3.49,"humidity":0.33,"windSpeed":11.48,"windBearing":304,"cloudCover":0.14,"pressure":1024.9,"ozone":412.33},{"time":1488690000,"summary":"Drizzle starting in the afternoon, continuing until evening.","icon":"rain","sunriseTime":1488712461,"sunsetTime":1488753610,"moonPhase":0.26,"precipIntensity":0.0017,"precipIntensityMax":0.0058,"precipIntensityMaxTime":1488747600,"precipProbability":0.26,"precipType":"rain","temperatureMin":27.73,"temperatureMinTime":1488711600,"temperatureMax":49.97,"temperatureMaxTime":1488740400,"apparentTemperatureMin":20.44,"apparentTemperatureMinTime":1488711600,"apparentTemperatureMax":46.58,"apparentTemperatureMaxTime":1488740400,"dewPoint":28.98,"humidity":0.69,"windSpeed":7.03,"windBearing":250,"cloudCover":0.54,"pressure":1017.31,"ozone":384.84},{"time":1488776400,"summary":"Flurries in the morning.","icon":"snow","sunriseTime":1488798761,"sunsetTime":1488840082,"moonPhase":0.3,"precipIntensity":0.0017,"precipIntensityMax":0.0028,"precipIntensityMaxTime":1488787200,"precipProbability":0.09,"precipType":"rain","temperatureMin":33.9,"temperatureMinTime":1488798000,"temperatureMax":51.51,"temperatureMaxTime":1488830400,"apparentTemperatureMin":28.1,"apparentTemperatureMinTime":1488798000,"apparentTemperatureMax":51.51,"apparentTemperatureMaxTime":1488830400,"dewPoint":27.61,"humidity":0.59,"windSpeed":8.51,"windBearing":304,"cloudCover":0.09,"pressure":1017.64,"ozone":385.55}]},"flags":{"sources":["lamp","gfs","cmc","nam","rap","rtma","sref","fnmoc","isd","madis","nearest-precip","nwspa","darksky"],"lamp-stations":["KASH","KBED","KBOS","KBVY","KFIT","KLWM","KMQE","KOWD","KPYM","KSFZ","KTAN"],"isd-stations":["725059-14702","725059-99999","725088-54733","725088-99999","725090-14739","725097-14790","725098-54704","725098-99999","726054-99999","744900-14702","744907-14753","992420-99999","994971-99999","999999-14789","999999-14790","999999-94701"],"madis-stations":["A1261","AN287","AV085","BHBM3","C0210","C6612","D0056","D7355","E2727","E3565","E5351","E5650","E6480","E8528","E9991","KBOS"],"units":"us"}}