{"latitude":39.7799642,"longitude":-86.2728333,"timezone":"America/Indiana/Indianapolis","offset":-5,"currently":{"time":1488276107,"summary":"Drizzle","icon":"rain","nearestStormDistance":0,"precipIntensity":0.0082,"precipIntensityError":0.004,"precipProbability":0.88,"precipType":"rain","temperature":44.93,"apparentTemperature":41.14,"dewPoint":39.91,"humidity":0.82,"windSpeed":6.88,"windBearing":162,"visibility":8.94,"cloudCover":0.72,"pressure":1017.56,"ozone":311.66},"minutely":{"summary":"Rain stopping in 20 min., starting again 14 min. later.","icon":"rain","data":[{"time":1488276060,"precipIntensity":0.009,"precipIntensityError":0.004,"precipProbability":0.98,"precipType":"rain"},{"time":1488276120,"precipIntensity":0.008,"precipIntensityError":0.004,"precipProbability":0.85,"precipType":"rain"},{"time":1488276180,"precipIntensity":0.007,"precipIntensityError":0.003,"precipProbability":0.73,"precipType":"rain"},{"time":1488276240,"precipIntensity":0.006,"precipIntensityError":0.003,"precipProbability":0.61,"precipType":"rain"},{"time":1488276300,"precipIntensity":0.007,"precipIntensityError":0.004,"precipProbability":0.71,"precipType":"rain"},{"time":1488276360,"precipIntensity":0.01,"precipIntensityError":0.007,"precipProbability":0.95,"precipType":"rain"},{"time":1488276420,"precipIntensity":0.014,"precipIntensityError":0.01,"precipProbability":0.96,"precipType":"rain"},{"time":1488276480,"precipIntensity":0.018,"precipIntensityError":0.012,"precipProbability":0.98,"precipType":"rain"},{"time":1488276540,"precipIntensity":0.021,"precipIntensityError":0.014,"precipProbability":0.99,"precipType":"rain"},{"time":1488276600,"precipIntensity":0.022,"precipIntensityError":0.015,"precipProbability":0.99,"precipType":"rain"},{"time":1488276660,"precipIntensity":0.023,"precipIntensityError":0.017,"precipProbability":0.99,"precipType":"rain"},{"time":1488276720,"precipIntensity":0.023,"precipIntensityError":0.019,"precipProbability":0.98,"precipType":"rain"},{"time":1488276780,"precipIntensity":0.023,"precipIntensityError":0.02,"precipProbability":0.97,"precipType":"rain"},{"time":1488276840,"precipIntensity":0.026,"precipIntensityError":0.023,"precipProbability":0.96,"precipType":"rain"},{"time":1488276900,"precipIntensity":0.028,"precipIntensityError":0.027,"precipProbability":0.96,"precipType":"rain"},{"time":1488276960,"precipIntensity":0.033,"precipIntensityError":0.035,"precipProbability":0.96,"precipType":"rain"},{"time":1488277020,"precipIntensity":0.039,"precipIntensityError":0.043,"precipProbability":0.95,"precipType":"rain"},{"time":1488277080,"precipIntensity":0.048,"precipIntensityError":0.052,"precipProbability":0.94,"precipType":"rain"},{"time":1488277140,"precipIntensity":0.056,"precipIntensityError":0.059,"precipProbability":0.9,"precipType":"rain"},{"time":1488277200,"precipIntensity":0.063,"precipIntensityError":0.064,"precipProbability":0.86,"precipType":"rain"},{"time":1488277260,"precipIntensity":0.067,"precipIntensityError":0.065,"precipProbability":0.83,"precipType":"rain"},{"time":1488277320,"precipIntensity":0.066,"precipIntensityError":0.065,"precipProbability":0.81,"precipType":"rain"},{"time":1488277380,"precipIntensity":0.064,"precipIntensityError":0.064,"precipProbability":0.8,"precipType":"rain"},{"time":1488277440,"precipIntensity":0.057,"precipIntensityError":0.06,"precipProbability":0.8,"precipType":"rain"},{"time":1488277500,"precipIntensity":0.051,"precipIntensityError":0.057,"precipProbability":0.81,"precipType":"rain"},{"time":1488277560,"precipIntensity":0.044,"precipIntensityError":0.051,"precipProbability":0.82,"precipType":"rain"},{"time":1488277620,"precipIntensity":0.038,"precipIntensityError":0.046,"precipProbability":0.82,"precipType":"rain"},{"time":1488277680,"precipIntensity":0.033,"precipIntensityError":0.04,"precipProbability":0.82,"precipType":"rain"},{"time":1488277740,"precipIntensity":0.029,"precipIntensityError":0.036,"precipProbability":0.82,"precipType":"rain"},{"time":1488277800,"precipIntensity":0.026,"precipIntensityError":0.032,"precipProbability":0.8,"precipType":"rain"},{"time":1488277860,"precipIntensity":0.024,"precipIntensityError":0.029,"precipProbability":0.8,"precipType":"rain"},{"time":1488277920,"precipIntensity":0.023,"precipIntensityError":0.028,"precipProbability":0.8,"precipType":"rain"},{"time":1488277980,"precipIntensity":0.024,"precipIntensityError":0.028,"precipProbability":0.79,"precipType":"rain"},{"time":1488278040,"precipIntensity":0.025,"precipIntensityError":0.029,"precipProbability":0.81,"precipType":"rain"},{"time":1488278100,"precipIntensity":0.028,"precipIntensityError":0.032,"precipProbability":0.82,"precipType":"rain"},{"time":1488278160,"precipIntensity":0.031,"precipIntensityError":0.033,"precipProbability":0.84,"precipType":"rain"},{"time":1488278220,"precipIntensity":0.034,"precipIntensityError":0.036,"precipProbability":0.86,"precipType":"rain"},{"time":1488278280,"precipIntensity":0.037,"precipIntensityError":0.036,"precipProbability":0.88,"precipType":"rain"},{"time":1488278340,"precipIntensity":0.04,"precipIntensityError":0.038,"precipProbability":0.9,"precipType":"rain"},{"time":1488278400,"precipIntensity":0.042,"precipIntensityError":0.039,"precipProbability":0.91,"precipType":"rain"},{"time":1488278460,"precipIntensity":0.044,"precipIntensityError":0.041,"precipProbability":0.93,"precipType":"rain"},{"time":1488278520,"precipIntensity":0.046,"precipIntensityError":0.041,"precipProbability":0.93,"precipType":"rain"},{"time":1488278580,"precipIntensity":0.046,"precipIntensityError":0.042,"precipProbability":0.94,"precipType":"rain"},{"time":1488278640,"precipIntensity":0.047,"precipIntensityError":0.044,"precipProbability":0.93,"precipType":"rain"},{"time":1488278700,"precipIntensity":0.046,"precipIntensityError":0.043,"precipProbability":0.92,"precipType":"rain"},{"time":1488278760,"precipIntensity":0.047,"precipIntensityError":0.044,"precipProbability":0.91,"precipType":"rain"},{"time":1488278820,"precipIntensity":0.047,"precipIntensityError":0.045,"precipProbability":0.9,"precipType":"rain"},{"time":1488278880,"precipIntensity":0.046,"precipIntensityError":0.045,"precipProbability":0.87,"precipType":"rain"},{"time":1488278940,"precipIntensity":0.045,"precipIntensityError":0.046,"precipProbability":0.84,"precipType":"rain"},{"time":1488279000,"precipIntensity":0.044,"precipIntensityError":0.045,"precipProbability":0.81,"precipType":"rain"},{"time":1488279060,"precipIntensity":0.043,"precipIntensityError":0.046,"precipProbability":0.76,"precipType":"rain"},{"time":1488279120,"precipIntensity":0.042,"precipIntensityError":0.045,"precipProbability":0.72,"precipType":"rain"},{"time":1488279180,"precipIntensity":0.04,"precipIntensityError":0.045,"precipProbability":0.68,"precipType":"rain"},{"time":1488279240,"precipIntensity":0.04,"precipIntensityError":0.045,"precipProbability":0.63,"precipType":"rain"},{"time":1488279300,"precipIntensity":0.038,"precipIntensityError":0.044,"precipProbability":0.59,"precipType":"rain"},{"time":1488279360,"precipIntensity":0.037,"precipIntensityError":0.043,"precipProbability":0.54,"precipType":"rain"},{"time":1488279420,"precipIntensity":0.037,"precipIntensityError":0.043,"precipProbability":0.51,"precipType":"rain"},{"time":1488279480,"precipIntensity":0.035,"precipIntensityError":0.043,"precipProbability":0.46,"precipType":"rain"},{"time":1488279540,"precipIntensity":0.035,"precipIntensityError":0.043,"precipProbability":0.41,"precipType":"rain"},{"time":1488279600,"precipIntensity":0.033,"precipIntensityError":0.042,"precipProbability":0.38,"precipType":"rain"},{"time":1488279660,"precipIntensity":0.033,"precipIntensityError":0.043,"precipProbability":0.35,"precipType":"rain"}]},"hourly":{"summary":"Rain later this morning and tonight.","icon":"rain","data":[{"time":1488276000,"summary":"Rain","icon":"rain","precipIntensity":0.0573,"precipProbability":0.78,"precipType":"rain","temperature":44.93,"apparentTemperature":41.17,"dewPoint":39.84,"humidity":0.82,"windSpeed":6.82,"windBearing":162,"visibility":8.97,"cloudCover":0.71,"pressure":1017.58,"ozone":311.71},{"time":1488279600,"summary":"Rain","icon":"rain","precipIntensity":0.0538,"precipProbability":0.77,"precipType":"rain","temperature":45.63,"apparentTemperature":41.1,"dewPoint":42.63,"humidity":0.89,"windSpeed":8.79,"windBearing":155,"visibility":7.87,"cloudCover":0.97,"pressure":1016.89,"ozone":310.15},{"time":1488283200,"summary":"Light Rain","icon":"rain","precipIntensity":0.0151,"precipProbability":0.57,"precipType":"rain","temperature":46.17,"apparentTemperature":41.33,"dewPoint":43.58,"humidity":0.91,"windSpeed":9.88,"windBearing":155,"visibility":7.93,"cloudCover":0.98,"pressure":1016.34,"ozone":308.66},{"time":1488286800,"summary":"Light Rain","icon":"rain","precipIntensity":0.0191,"precipProbability":0.6,"precipType":"rain","temperature":46.95,"apparentTemperature":42.22,"dewPoint":44.38,"humidity":0.91,"windSpeed":10.13,"windBearing":155,"visibility":6.08,"cloudCover":0.98,"pressure":1015.87,"ozone":307.32},{"time":1488290400,"summary":"Drizzle","icon":"rain","precipIntensity":0.0062,"precipProbability":0.29,"precipType":"rain","temperature":48.19,"apparentTemperature":43.6,"dewPoint":45.61,"humidity":0.91,"windSpeed":10.55,"windBearing":160,"visibility":5.9,"cloudCover":0.99,"pressure":1015.49,"ozone":306.05},{"time":1488294000,"summary":"Overcast","icon":"cloudy","precipIntensity":0.0043,"precipProbability":0.17,"precipType":"rain","temperature":50.18,"apparentTemperature":50.18,"dewPoint":47.81,"humidity":0.92,"windSpeed":11.06,"windBearing":164,"visibility":5.99,"cloudCover":1,"pressure":1014.97,"ozone":304.83},{"time":1488297600,"summary":"Overcast","icon":"cloudy","precipIntensity":0.0037,"precipProbability":0.13,"precipType":"rain","temperature":53.17,"apparentTemperature":53.17,"dewPoint":50.56,"humidity":0.91,"windSpeed":11.98,"windBearing":168,"visibility":6.17,"cloudCover":1,"pressure":1014.12,"ozone":303.78},{"time":1488301200,"summary":"Drizzle","icon":"rain","precipIntensity":0.0068,"precipProbability":0.33,"precipType":"rain","temperature":55.06,"apparentTemperature":55.06,"dewPoint":52.09,"humidity":0.9,"windSpeed":12.54,"windBearing":174,"visibility":7.21,"cloudCover":1,"pressure":1013.14,"ozone":302.79},{"time":1488304800,"summary":"Overcast","icon":"cloudy","precipIntensity":0.0037,"precipProbability":0.13,"precipType":"rain","temperature":56.89,"apparentTemperature":56.89,"dewPoint":53.77,"humidity":0.89,"windSpeed":12.94,"windBearing":179,"visibility":8.24,"cloudCover":1,"pressure":1012.19,"ozone":301.5},{"time":1488308400,"summary":"Overcast","icon":"cloudy","precipIntensity":0.002,"precipProbability":0.05,"precipType":"rain","temperature":58.8,"apparentTemperature":58.8,"dewPoint":55.49,"humidity":0.89,"windSpeed":13.12,"windBearing":181,"visibility":8.4,"cloudCover":1,"pressure":1011.26,"ozone":299.59},{"time":1488312000,"summary":"Overcast","icon":"cloudy","precipIntensity":0.0016,"precipProbability":0.03,"precipType":"rain","temperature":60.73,"apparentTemperature":60.73,"dewPoint":57.34,"humidity":0.89,"windSpeed":13.61,"windBearing":186,"visibility":8.45,"cloudCover":1,"pressure":1010.3,"ozone":297.38},{"time":1488315600,"summary":"Overcast","icon":"cloudy","precipIntensity":0.0014,"precipProbability":0.02,"precipType":"rain","temperature":61.98,"apparentTemperature":61.98,"dewPoint":58.38,"humidity":0.88,"windSpeed":12.74,"windBearing":186,"visibility":8.42,"cloudCover":1,"pressure":1009.42,"ozone":295.5},{"time":1488319200,"summary":"Overcast","icon":"cloudy","precipIntensity":0.0012,"precipProbability":0.02,"precipType":"rain","temperature":62.68,"apparentTemperature":62.68,"dewPoint":59.16,"humidity":0.88,"windSpeed":12.86,"windBearing":184,"visibility":8.47,"cloudCover":0.94,"pressure":1008.67,"ozone":294.29},{"time":1488322800,"summary":"Overcast","icon":"cloudy","precipIntensity":0.0017,"precipProbability":0.04,"precipType":"rain","temperature":62.79,"apparentTemperature":62.79,"dewPoint":59.63,"humidity":0.89,"windSpeed":12.8,"windBearing":182,"visibility":8.52,"cloudCover":0.98,"pressure":1008,"ozone":293.4},{"time":1488326400,"summary":"Overcast","icon":"cloudy","precipIntensity":0.0031,"precipProbability":0.1,"precipType":"rain","temperature":63.16,"apparentTemperature":63.16,"dewPoint":60.25,"humidity":0.9,"windSpeed":13.29,"windBearing":184,"visibility":8.57,"cloudCover":0.98,"pressure":1007.37,"ozone":292.39},{"time":1488330000,"summary":"Overcast","icon":"cloudy","precipIntensity":0,"precipProbability":0,"temperature":63.33,"apparentTemperature":63.33,"dewPoint":60.47,"humidity":0.9,"windSpeed":13.69,"windBearing":185,"visibility":8.44,"cloudCover":0.98,"pressure":1006.79,"ozone":290.95},{"time":1488333600,"summary":"Overcast","icon":"cloudy","precipIntensity":0,"precipProbability":0,"temperature":63.93,"apparentTemperature":63.93,"dewPoint":60.87,"humidity":0.9,"windSpeed":15.58,"windBearing":188,"visibility":8.27,"cloudCover":0.98,"pressure":1006.24,"ozone":289.38},{"time":1488337200,"summary":"Drizzle","icon":"rain","precipIntensity":0.0075,"precipProbability":0.37,"precipType":"rain","temperature":64.53,"apparentTemperature":64.53,"dewPoint":61.2,"humidity":0.89,"windSpeed":16.03,"windBearing":191,"visibility":8.08,"cloudCover":0.99,"pressure":1005.63,"ozone":288.12},{"time":1488340800,"summary":"Light Rain","icon":"rain","precipIntensity":0.0468,"precipProbability":0.72,"precipType":"rain","temperature":64.79,"apparentTemperature":64.79,"dewPoint":61.2,"humidity":0.88,"windSpeed":16,"windBearing":195,"visibility":8.96,"cloudCover":0.99,"pressure":1005.02,"ozone":286.95},{"time":1488344400,"summary":"Rain","icon":"rain","precipIntensity":0.1064,"precipProbability":0.8,"precipType":"rain","temperature":63.75,"apparentTemperature":63.75,"dewPoint":59.87,"humidity":0.87,"windSpeed":15.81,"windBearing":196,"visibility":8.46,"cloudCover":1,"pressure":1004.52,"ozone":286.1},{"time":1488348000,"summary":"Rain","icon":"rain","precipIntensity":0.142,"precipProbability":0.83,"precipType":"rain","temperature":63.5,"apparentTemperature":63.5,"dewPoint":59.5,"humidity":0.87,"windSpeed":15.94,"windBearing":198,"visibility":9.67,"cloudCover":1,"pressure":1003.76,"ozone":286.71},{"time":1488351600,"summary":"Rain","icon":"rain","precipIntensity":0.1192,"precipProbability":0.81,"precipType":"rain","temperature":62.88,"apparentTemperature":62.88,"dewPoint":59.08,"humidity":0.87,"windSpeed":15.88,"windBearing":199,"visibility":9.25,"cloudCover":1,"pressure":1002.28,"ozone":289.1},{"time":1488355200,"summary":"Light Rain","icon":"rain","precipIntensity":0.0529,"precipProbability":0.73,"precipType":"rain","temperature":62.27,"apparentTemperature":62.27,"dewPoint":58.25,"humidity":0.87,"windSpeed":15.45,"windBearing":200,"visibility":8.53,"cloudCover":1,"pressure":1000.69,"ozone":292.95},{"time":1488358800,"summary":"Light Rain","icon":"rain","precipIntensity":0.0222,"precipProbability":0.62,"precipType":"rain","temperature":61.36,"apparentTemperature":61.36,"dewPoint":57.11,"humidity":0.86,"windSpeed":15.97,"windBearing":198,"visibility":8.18,"cloudCover":1,"pressure":999.61,"ozone":298.48},{"time":1488362400,"summary":"Rain","icon":"rain","precipIntensity":0.0754,"precipProbability":0.77,"precipType":"rain","temperature":61.97,"apparentTemperature":61.97,"dewPoint":59,"humidity":0.9,"windSpeed":16.56,"windBearing":201,"visibility":7.56,"cloudCover":0.94,"pressure":999.07,"ozone":306.82},{"time":1488366000,"summary":"Rain","icon":"rain","precipIntensity":0.1617,"precipProbability":0.84,"precipType":"rain","temperature":61.65,"apparentTemperature":61.65,"dewPoint":59.2,"humidity":0.92,"windSpeed":16.86,"windBearing":210,"visibility":8.68,"cloudCover":0.86,"pressure":998.92,"ozone":316.83},{"time":1488369600,"summary":"Rain","icon":"rain","precipIntensity":0.2036,"precipProbability":0.86,"precipType":"rain","temperature":61.16,"apparentTemperature":61.16,"dewPoint":58.76,"humidity":0.92,"windSpeed":17.47,"windBearing":219,"visibility":10,"cloudCover":0.77,"pressure":999.16,"ozone":325.27},{"time":1488373200,"summary":"Rain and Breezy","icon":"rain","precipIntensity":0.1597,"precipProbability":0.84,"precipType":"rain","temperature":60.32,"apparentTemperature":60.32,"dewPoint":57.28,"humidity":0.9,"windSpeed":18,"windBearing":224,"visibility":10,"cloudCover":0.63,"pressure":999.69,"ozone":330.7},{"time":1488376800,"summary":"Rain and Breezy","icon":"rain","precipIntensity":0.073,"precipProbability":0.77,"precipType":"rain","temperature":59.12,"apparentTemperature":59.12,"dewPoint":55.03,"humidity":0.86,"windSpeed":19.27,"windBearing":225,"visibility":10,"cloudCover":0.52,"pressure":1000.58,"ozone":334.55},{"time":1488380400,"summary":"Drizzle and Breezy","icon":"rain","precipIntensity":0.0053,"precipProbability":0.23,"precipType":"rain","temperature":57.88,"apparentTemperature":57.88,"dewPoint":52.8,"humidity":0.83,"windSpeed":20.71,"windBearing":228,"visibility":10,"cloudCover":0.46,"pressure":1001.61,"ozone":337.92},{"time":1488384000,"summary":"Breezy and Partly Cloudy","icon":"wind","precipIntensity":0,"precipProbability":0,"temperature":57.09,"apparentTemperature":57.09,"dewPoint":51.19,"humidity":0.81,"windSpeed":21.39,"windBearing":236,"visibility":9.04,"cloudCover":0.54,"pressure":1002.79,"ozone":340.92},{"time":1488387600,"summary":"Breezy and Mostly Cloudy","icon":"wind","precipIntensity":0,"precipProbability":0,"temperature":56.49,"apparentTemperature":56.49,"dewPoint":49.86,"humidity":0.78,"windSpeed":22.38,"windBearing":245,"visibility":7.77,"cloudCover":0.7,"pressure":1004.28,"ozone":343.43},{"time":1488391200,"summary":"Breezy and Mostly Cloudy","icon":"wind","precipIntensity":0.0018,"precipProbability":0.04,"precipType":"rain","temperature":55.53,"apparentTemperature":55.53,"dewPoint":48.3,"humidity":0.77,"windSpeed":23.64,"windBearing":252,"visibility":7.13,"cloudCover":0.82,"pressure":1005.72,"ozone":346.14},{"time":1488394800,"summary":"Breezy and Mostly Cloudy","icon":"wind","precipIntensity":0.0013,"precipProbability":0.02,"precipType":"rain","temperature":53.8,"apparentTemperature":53.8,"dewPoint":46.19,"humidity":0.75,"windSpeed":24.05,"windBearing":255,"visibility":7.77,"cloudCover":0.89,"pressure":1006.72,"ozone":349.48},{"time":1488398400,"summary":"Breezy and Overcast","icon":"wind","precipIntensity":0.001,"precipProbability":0.01,"precipType":"rain","temperature":51.6,"apparentTemperature":51.6,"dewPoint":43.74,"humidity":0.74,"windSpeed":24.32,"windBearing":258,"visibility":9.04,"cloudCover":0.96,"pressure":1007.67,"ozone":353.02},{"time":1488402000,"summary":"Breezy and Overcast","icon":"wind","precipIntensity":0.001,"precipProbability":0.01,"precipType":"rain","temperature":49.66,"apparentTemperature":42.45,"dewPoint":41.57,"humidity":0.74,"windSpeed":24.07,"windBearing":259,"visibility":10,"cloudCover":0.99,"pressure":1008.69,"ozone":356.09},{"time":1488405600,"summary":"Breezy and Overcast","icon":"wind","precipIntensity":0.0013,"precipProbability":0.02,"precipType":"rain","temperature":48.46,"apparentTemperature":41.07,"dewPoint":39.99,"humidity":0.72,"windSpeed":22.77,"windBearing":258,"visibility":10,"cloudCover":0.97,"pressure":1009.82,"ozone":358.31},{"time":1488409200,"summary":"Breezy and Mostly Cloudy","icon":"wind","precipIntensity":0.0017,"precipProbability":0.04,"precipType":"rain","temperature":47.53,"apparentTemperature":40.15,"dewPoint":38.7,"humidity":0.71,"windSpeed":21.08,"windBearing":257,"visibility":10,"cloudCover":0.92,"pressure":1011.01,"ozone":360.06},{"time":1488412800,"summary":"Breezy and Mostly Cloudy","icon":"wind","precipIntensity":0.0018,"precipProbability":0.04,"precipType":"rain","temperature":46.42,"apparentTemperature":38.91,"dewPoint":37.55,"humidity":0.71,"windSpeed":19.99,"windBearing":257,"visibility":10,"cloudCover":0.88,"pressure":1012.23,"ozone":361.85},{"time":1488416400,"summary":"Breezy and Mostly Cloudy","icon":"wind","precipIntensity":0.0014,"precipProbability":0.03,"precipType":"rain","temperature":44.43,"apparentTemperature":36.27,"dewPoint":35.98,"humidity":0.72,"windSpeed":20.1,"windBearing":262,"visibility":10,"cloudCover":0.87,"pressure":1013.57,"ozone":363.93},{"time":1488420000,"summary":"Breezy and Mostly Cloudy","icon":"wind","precipIntensity":0.0009,"precipProbability":0.01,"precipType":"rain","temperature":42.31,"apparentTemperature":33.35,"dewPoint":34.57,"humidity":0.74,"windSpeed":20.74,"windBearing":268,"visibility":10,"cloudCover":0.88,"pressure":1014.98,"ozone":366.06},{"time":1488423600,"summary":"Breezy and Mostly Cloudy","icon":"wind","precipIntensity":0,"precipProbability":0,"temperature":40.25,"apparentTemperature":30.6,"dewPoint":33.28,"humidity":0.76,"windSpeed":20.86,"windBearing":273,"visibility":10,"cloudCover":0.88,"pressure":1016.29,"ozone":367.96},{"time":1488427200,"summary":"Breezy and Mostly Cloudy","icon":"wind","precipIntensity":0,"precipProbability":0,"temperature":38.19,"apparentTemperature":28.19,"dewPoint":32.1,"humidity":0.78,"windSpeed":19.7,"windBearing":275,"visibility":9.6,"cloudCover":0.88,"pressure":1017.39,"ozone":369.51},{"time":1488430800,"summary":"Mostly Cloudy","icon":"partly-cloudy-night","precipIntensity":0,"precipProbability":0,"temperature":36.01,"apparentTemperature":25.84,"dewPoint":30.84,"humidity":0.81,"windSpeed":17.87,"windBearing":278,"visibility":9.07,"cloudCover":0.88,"pressure":1018.34,"ozone":370.84},{"time":1488434400,"summary":"Mostly Cloudy","icon":"partly-cloudy-night","precipIntensity":0,"precipProbability":0,"temperature":33.99,"apparentTemperature":23.74,"dewPoint":29.49,"humidity":0.83,"windSpeed":16.17,"windBearing":280,"visibility":8.81,"cloudCover":0.88,"pressure":1019.16,"ozone":372.1},{"time":1488438000,"summary":"Mostly Cloudy","icon":"partly-cloudy-night","precipIntensity":0,"precipProbability":0,"temperature":32.44,"apparentTemperature":22.18,"dewPoint":28.24,"humidity":0.84,"windSpeed":14.91,"windBearing":282,"visibility":9.07,"cloudCover":0.85,"pressure":1019.78,"ozone":373.19},{"time":1488441600,"summary":"Mostly Cloudy","icon":"partly-cloudy-night","precipIntensity":0,"precipProbability":0,"temperature":31.33,"apparentTemperature":21.21,"dewPoint":27.25,"humidity":0.85,"windSpeed":13.76,"windBearing":284,"visibility":9.6,"cloudCover":0.82,"pressure":1020.32,"ozone":374.21},{"time":1488445200,"summary":"Mostly Cloudy","icon":"partly-cloudy-night","precipIntensity":0,"precipProbability":0,"temperature":30.58,"apparentTemperature":20.75,"dewPoint":26.61,"humidity":0.85,"windSpeed":12.56,"windBearing":284,"visibility":10,"cloudCover":0.8,"pressure":1020.85,"ozone":375.57},{"time":1488448800,"summary":"Mostly Cloudy","icon":"partly-cloudy-night","precipIntensity":0,"precipProbability":0,"temperature":30.04,"apparentTemperature":20.65,"dewPoint":26.43,"humidity":0.86,"windSpeed":11.28,"windBearing":281,"visibility":10,"cloudCover":0.81,"pressure":1021.38,"ozone":377.42}]},"daily":{"summary":"Mixed precipitation today through Monday, with temperatures falling to 40°F on Friday.","icon":"rain","data":[{"time":1488258000,"summary":"Rain in the morning and overnight.","icon":"rain","sunriseTime":1488284451,"sunsetTime":1488325034,"moonPhase":0.07,"precipIntensity":0.0107,"precipIntensityMax":0.0573,"precipIntensityMaxTime":1488276000,"precipProbability":0.78,"precipType":"rain","temperatureMin":44.77,"temperatureMinTime":1488258000,"temperatureMax":64.79,"temperatureMaxTime":1488340800,"apparentTemperatureMin":41.05,"apparentTemperatureMinTime":1488258000,"apparentTemperatureMax":64.79,"apparentTemperatureMaxTime":1488340800,"dewPoint":50.68,"humidity":0.88,"windSpeed":10.76,"windBearing":175,"visibility":8.23,"cloudCover":0.86,"pressure":1012.9,"ozone":302.5},{"time":1488344400,"summary":"Rain in the morning and breezy throughout the day.","icon":"rain","sunriseTime":1488370762,"sunsetTime":1488411500,"moonPhase":0.11,"precipIntensity":0.0466,"precipIntensityMax":0.2036,"precipIntensityMaxTime":1488369600,"precipProbability":0.86,"precipType":"rain","temperatureMin":38.19,"temperatureMinTime":1488427200,"temperatureMax":63.75,"temperatureMaxTime":1488344400,"apparentTemperatureMin":28.19,"apparentTemperatureMinTime":1488427200,"apparentTemperatureMax":63.75,"apparentTemperatureMaxTime":1488344400,"dewPoint":48.71,"humidity":0.81,"windSpeed":17.76,"windBearing":239,"visibility":9.25,"cloudCover":0.85,"pressure":1005.88,"ozone":335.09},{"time":1488430800,"summary":"Mixed precipitation starting in the evening.","icon":"rain","sunriseTime":1488457072,"sunsetTime":1488497965,"moonPhase":0.15,"precipIntensity":0.0011,"precipIntensityMax":0.0062,"precipIntensityMaxTime":1488510000,"precipProbability":0.29,"precipType":"rain","temperatureMin":29.59,"temperatureMinTime":1488452400,"temperatureMax":46.24,"temperatureMaxTime":1488488400,"apparentTemperatureMin":20.65,"apparentTemperatureMinTime":1488448800,"apparentTemperatureMax":39.54,"apparentTemperatureMaxTime":1488488400,"dewPoint":28.99,"humidity":0.74,"windSpeed":12.17,"windBearing":264,"visibility":9.84,"cloudCover":0.58,"pressure":1022.01,"ozone":385.26},{"time":1488517200,"summary":"Partly cloudy until afternoon.","icon":"partly-cloudy-day","sunriseTime":1488543381,"sunsetTime":1488584430,"moonPhase":0.18,"precipIntensity":0.0004,"precipIntensityMax":0.0034,"precipIntensityMaxTime":1488517200,"precipProbability":0.12,"precipType":"snow","precipAccumulation":0.088,"temperatureMin":25.44,"temperatureMinTime":1488542400,"temperatureMax":39.93,"temperatureMaxTime":1488574800,"apparentTemperatureMin":14.48,"apparentTemperatureMinTime":1488542400,"apparentTemperatureMax":33.73,"apparentTemperatureMaxTime":1488574800,"dewPoint":21.69,"humidity":0.66,"windSpeed":8.95,"windBearing":304,"visibility":10,"cloudCover":0.32,"pressure":1032.82,"ozone":376.92},{"time":1488603600,"summary":"Mixed precipitation until afternoon and breezy overnight.","icon":"snow","sunriseTime":1488629690,"sunsetTime":1488670894,"moonPhase":0.22,"precipIntensity":0.0031,"precipIntensityMax":0.0125,"precipIntensityMaxTime":1488639600,"precipProbability":0.54,"precipType":"snow","precipAccumulation":0.635,"temperatureMin":26.13,"temperatureMinTime":1488628800,"temperatureMax":51.13,"temperatureMaxTime":1488661200,"apparentTemperatureMin":16.22,"apparentTemperatureMinTime":1488628800,"apparentTemperatureMax":51.13,"apparentTemperatureMaxTime":1488661200,"dewPoint":29.65,"humidity":0.72,"windSpeed":12.13,"windBearing":189,"cloudCover":0.76,"pressure":1030.47,"ozone":364.73},{"time":1488690000,"summary":"Breezy in the morning and drizzle overnight.","icon":"rain","sunriseTime":1488715998,"sunsetTime":1488757358,"moonPhase":0.26,"precipIntensity":0.001,"precipIntensityMax":0.0037,"precipIntensityMaxTime":1488772800,"precipProbability":0.13,"precipType":"rain","temperatureMin":39.81,"temperatureMinTime":1488711600,"temperatureMax":57.92,"temperatureMaxTime":1488747600,"apparentTemperatureMin":30.54,"apparentTemperatureMinTime":1488711600,"apparentTemperatureMax":57.92,"apparentTemperatureMaxTime":1488747600,"dewPoint":43.84,"humidity":0.84,"windSpeed":15.74,"windBearing":222,"cloudCover":0.83,"pressure":1020.76,"ozone":319.45},{"time":1488776400,"summary":"Light rain until evening.","icon":"rain","sunriseTime":1488802305,"sunsetTime":1488843822,"moonPhase":0.3,"precipIntensity":0.0067,"precipIntensityMax":0.0114,"precipIntensityMaxTime":1488812400,"precipProbability":0.52,"precipType":"rain","temperatureMin":48.55,"temperatureMinTime":1488794400,"temperatureMax":62.6,"temperatureMaxTime":1488844800,"apparentTemperatureMin":43.38,"apparentTemperatureMinTime":1488794400,"apparentTemperatureMax":62.6,"apparentTemperatureMaxTime":1488844800,"dewPoint":52.47,"humidity":0.92,"windSpeed":13.2,"windBearing":225,"cloudCover":0.98,"pressure":1015.77,"ozone":301.61},{"time":1488862800,"summary":"Clear throughout the day.","icon":"clear-day","sunriseTime":1488888612,"sunsetTime":1488930286,"moonPhase":0.33,"precipIntensity":0.0024,"precipIntensityMax":0.0037,"precipIntensityMaxTime":1488945600,"precipProbability":0.13,"precipType":"rain","temperatureMin":35.8,"temperatureMinTime":1488888000,"temperatureMax":56.12,"temperatureMaxTime":1488920400,"apparentTemperatureMin":28.76,"apparentTemperatureMinTime":1488888000,"apparentTemperatureMax":56.12,"apparentTemperatureMaxTime":1488920400,"dewPoint":35.26,"humidity":0.68,"windSpeed":10.6,"windBearing":292,"cloudCover":0.06,"pressure":1021.52,"ozone":319.39}]},"flags":{"sources":["lamp","gfs","cmc","nam","rap","rtma","sref","fnmoc","isd","madis","nearest-precip","nwspa","darksky"],"lamp-stations":["KEYE","KGEZ","KIND"],"isd-stations":["720575-99999","724356-53866","724356-99999","724361-13803","724363-13803","724363-99999","724375-03893","724375-99999","724380-93819","724384-53842","724384-99999","724385-04828","724385-99999","724387-54807","999999-93819","999999-93892"],"madis-stations":["A1710","AN200","AR470","AR963","AS046","AU946","E0716","E2895","E3369","E7177","E8045","IMAI3","IN028","IN031","KEYE","KIND"],"units":"us"}}