{"latitude":42.1821237,"longitude":-71.3449947,"timezone":"America/New_York","offset":-5,"currently":{"time":1488275955,"summary":"Mostly Cloudy","icon":"partly-cloudy-night","nearestStormDistance":6,"nearestStormBearing":223,"precipIntensity":0,"precipProbability":0,"temperature":34.21,"apparentTemperature":34.21,"dewPoint":30.56,"humidity":0.86,"windSpeed":2.69,"windBearing":220,"visibility":8.72,"cloudCover":0.82,"pressure":1029.59,"ozone":332.18},"minutely":{"summary":"Mostly cloudy for the hour.","icon":"partly-cloudy-night","data":[{"time":1488275940,"precipIntensity":0,"precipProbability":0},{"time":1488276000,"precipIntensity":0,"precipProbability":0},{"time":1488276060,"precipIntensity":0,"precipProbability":0},{"time":1488276120,"precipIntensity":0,"precipProbability":0},{"time":1488276180,"precipIntensity":0,"precipProbability":0},{"time":1488276240,"precipIntensity":0,"precipProbability":0},{"time":1488276300,"precipIntensity":0,"precipProbability":0},{"time":1488276360,"precipIntensity":0,"precipProbability":0},{"time":1488276420,"precipIntensity":0,"precipProbability":0},{"time":1488276480,"precipIntensity":0,"precipProbability":0},{"time":1488276540,"precipIntensity":0,"precipProbability":0},{"time":1488276600,"precipIntensity":0,"precipProbability":0},{"time":1488276660,"precipIntensity":0,"precipProbability":0},{"time":1488276720,"precipIntensity":0,"precipProbability":0},{"time":1488276780,"precipIntensity":0,"precipProbability":0},{"time":1488276840,"precipIntensity":0,"precipProbability":0},{"time":1488276900,"precipIntensity":0,"precipProbability":0},{"time":1488276960,"precipIntensity":0,"precipProbability":0},{"time":1488277020,"precipIntensity":0,"precipProbability":0},{"time":1488277080,"precipIntensity":0,"precipProbability":0},{"time":1488277140,"precipIntensity":0,"precipProbability":0},{"time":1488277200,"precipIntensity":0,"precipProbability":0},{"time":1488277260,"precipIntensity":0,"precipProbability":0},{"time":1488277320,"precipIntensity":0,"precipProbability":0},{"time":1488277380,"precipIntensity":0,"precipProbability":0},{"time":1488277440,"precipIntensity":0,"precipProbability":0},{"time":1488277500,"precipIntensity":0,"precipProbability":0},{"time":1488277560,"precipIntensity":0,"precipProbability":0},{"time":1488277620,"precipIntensity":0,"precipProbability":0},{"time":1488277680,"precipIntensity":0,"precipProbability":0},{"time":1488277740,"precipIntensity":0,"precipProbability":0},{"time":1488277800,"precipIntensity":0,"precipProbability":0},{"time":1488277860,"precipIntensity":0,"precipProbability":0},{"time":1488277920,"precipIntensity":0,"precipProbability":0},{"time":1488277980,"precipIntensity":0,"precipProbability":0},{"time":1488278040,"precipIntensity":0,"precipProbability":0},{"time":1488278100,"precipIntensity":0,"precipProbability":0},{"time":1488278160,"precipIntensity":0,"precipProbability":0},{"time":1488278220,"precipIntensity":0,"precipProbability":0},{"time":1488278280,"precipIntensity":0,"precipProbability":0},{"time":1488278340,"precipIntensity":0,"precipProbability":0},{"time":1488278400,"precipIntensity":0,"precipProbability":0},{"time":1488278460,"precipIntensity":0,"precipProbability":0},{"time":1488278520,"precipIntensity":0,"precipProbability":0},{"time":1488278580,"precipIntensity":0,"precipProbability":0},{"time":1488278640,"precipIntensity":0,"precipProbability":0},{"time":1488278700,"precipIntensity":0,"precipProbability":0},{"time":1488278760,"precipIntensity":0,"precipProbability":0},{"time":1488278820,"precipIntensity":0,"precipProbability":0},{"time":1488278880,"precipIntensity":0,"precipProbability":0},{"time":1488278940,"precipIntensity":0,"precipProbability":0},{"time":1488279000,"precipIntensity":0,"precipProbability":0},{"time":1488279060,"precipIntensity":0,"precipProbability":0},{"time":1488279120,"precipIntensity":0,"precipProbability":0},{"time":1488279180,"precipIntensity":0,"precipProbability":0},{"time":1488279240,"precipIntensity":0,"precipProbability":0},{"time":1488279300,"precipIntensity":0,"precipProbability":0},{"time":1488279360,"precipIntensity":0,"precipProbability":0},{"time":1488279420,"precipIntensity":0,"precipProbability":0},{"time":1488279480,"precipIntensity":0,"precipProbability":0},{"time":1488279540,"precipIntensity":0,"precipProbability":0}]},"hourly":{"summary":"Light rain starting tonight.","icon":"rain","data":[{"time":1488272400,"summary":"Partly Cloudy","icon":"partly-cloudy-night","precipIntensity":0,"precipProbability":0,"temperature":33.73,"apparentTemperature":33.73,"dewPoint":30.22,"humidity":0.87,"windSpeed":2.32,"windBearing":216,"visibility":8.77,"cloudCover":0.38,"pressure":1029.46,"ozone":332.13},{"time":1488276000,"summary":"Mostly Cloudy","icon":"partly-cloudy-night","precipIntensity":0,"precipProbability":0,"temperature":34.21,"apparentTemperature":34.21,"dewPoint":30.55,"humidity":0.86,"windSpeed":2.7,"windBearing":220,"visibility":8.72,"cloudCover":0.83,"pressure":1029.59,"ozone":332.18},{"time":1488279600,"summary":"Mostly Cloudy","icon":"partly-cloudy-night","precipIntensity":0,"precipProbability":0,"temperature":34.54,"apparentTemperature":34.54,"dewPoint":30.87,"humidity":0.86,"windSpeed":2.69,"windBearing":218,"visibility":8.65,"cloudCover":0.92,"pressure":1029.68,"ozone":332.08},{"time":1488283200,"summary":"Overcast","icon":"cloudy","precipIntensity":0,"precipProbability":0,"temperature":35.22,"apparentTemperature":35.22,"dewPoint":31.15,"humidity":0.85,"windSpeed":2.05,"windBearing":211,"visibility":8.61,"cloudCover":0.98,"pressure":1029.7,"ozone":331.92},{"time":1488286800,"summary":"Overcast","icon":"cloudy","precipIntensity":0,"precipProbability":0,"temperature":38.74,"apparentTemperature":38.74,"dewPoint":33.09,"humidity":0.8,"windSpeed":2.41,"windBearing":202,"visibility":8.88,"cloudCover":1,"pressure":1029.68,"ozone":331.9},{"time":1488290400,"summary":"Overcast","icon":"cloudy","precipIntensity":0,"precipProbability":0,"temperature":42.98,"apparentTemperature":42.98,"dewPoint":34.6,"humidity":0.72,"windSpeed":2.16,"windBearing":192,"visibility":9.58,"cloudCover":1,"pressure":1029.59,"ozone":331.83},{"time":1488294000,"summary":"Overcast","icon":"cloudy","precipIntensity":0,"precipProbability":0,"temperature":48.02,"apparentTemperature":48.02,"dewPoint":36.65,"humidity":0.65,"windSpeed":2.16,"windBearing":169,"visibility":10,"cloudCover":0.98,"pressure":1029.3,"ozone":331.26},{"time":1488297600,"summary":"Mostly Cloudy","icon":"partly-cloudy-day","precipIntensity":0,"precipProbability":0,"temperature":52.61,"apparentTemperature":52.61,"dewPoint":39.38,"humidity":0.61,"windSpeed":2.77,"windBearing":141,"visibility":10,"cloudCover":0.87,"pressure":1028.7,"ozone":329.93},{"time":1488301200,"summary":"Mostly Cloudy","icon":"partly-cloudy-day","precipIntensity":0,"precipProbability":0,"temperature":58.35,"apparentTemperature":58.35,"dewPoint":43.65,"humidity":0.58,"windSpeed":4.29,"windBearing":135,"visibility":10,"cloudCover":0.72,"pressure":1027.91,"ozone":328.11},{"time":1488304800,"summary":"Mostly Cloudy","icon":"partly-cloudy-day","precipIntensity":0,"precipProbability":0,"temperature":62.61,"apparentTemperature":62.61,"dewPoint":46.74,"humidity":0.56,"windSpeed":5.61,"windBearing":144,"visibility":10,"cloudCover":0.62,"pressure":1027.07,"ozone":326.09},{"time":1488308400,"summary":"Mostly Cloudy","icon":"partly-cloudy-day","precipIntensity":0,"precipProbability":0,"temperature":64.43,"apparentTemperature":64.43,"dewPoint":48.07,"humidity":0.55,"windSpeed":6.57,"windBearing":139,"visibility":10,"cloudCover":0.63,"pressure":1026.17,"ozone":323.73},{"time":1488312000,"summary":"Mostly Cloudy","icon":"partly-cloudy-day","precipIntensity":0,"precipProbability":0,"temperature":62.28,"apparentTemperature":62.28,"dewPoint":47.76,"humidity":0.59,"windSpeed":7.29,"windBearing":133,"visibility":10,"cloudCover":0.73,"pressure":1025.2,"ozone":321.16},{"time":1488315600,"summary":"Mostly Cloudy","icon":"partly-cloudy-day","precipIntensity":0,"precipProbability":0,"temperature":59.25,"apparentTemperature":59.25,"dewPoint":47.62,"humidity":0.65,"windSpeed":7.95,"windBearing":136,"visibility":9.67,"cloudCover":0.82,"pressure":1024.36,"ozone":319.11},{"time":1488319200,"summary":"Mostly Cloudy","icon":"partly-cloudy-day","precipIntensity":0,"precipProbability":0,"temperature":54.38,"apparentTemperature":54.38,"dewPoint":45.84,"humidity":0.73,"windSpeed":8.3,"windBearing":137,"visibility":9.09,"cloudCover":0.87,"pressure":1023.79,"ozone":317.75},{"time":1488322800,"summary":"Mostly Cloudy","icon":"partly-cloudy-night","precipIntensity":0,"precipProbability":0,"temperature":51.3,"apparentTemperature":51.3,"dewPoint":45.16,"humidity":0.79,"windSpeed":7.98,"windBearing":139,"visibility":8.87,"cloudCover":0.92,"pressure":1023.38,"ozone":316.9},{"time":1488326400,"summary":"Overcast","icon":"cloudy","precipIntensity":0.0012,"precipProbability":0.02,"precipType":"rain","temperature":49.63,"apparentTemperature":46.15,"dewPoint":45.09,"humidity":0.84,"windSpeed":8.42,"windBearing":138,"visibility":8.82,"cloudCover":0.98,"pressure":1022.94,"ozone":316.69},{"time":1488330000,"summary":"Overcast","icon":"cloudy","precipIntensity":0.0009,"precipProbability":0.01,"precipType":"rain","temperature":49.07,"apparentTemperature":45.57,"dewPoint":45.46,"humidity":0.87,"windSpeed":8.15,"windBearing":138,"visibility":8.72,"cloudCover":1,"pressure":1022.49,"ozone":317.65},{"time":1488333600,"summary":"Overcast","icon":"cloudy","precipIntensity":0.0008,"precipProbability":0.01,"precipType":"rain","temperature":49.37,"apparentTemperature":46.16,"dewPoint":46.38,"humidity":0.89,"windSpeed":7.62,"windBearing":140,"visibility":6.18,"cloudCover":1,"pressure":1021.94,"ozone":319.24},{"time":1488337200,"summary":"Overcast","icon":"cloudy","precipIntensity":0.0019,"precipProbability":0.04,"precipType":"rain","temperature":49.27,"apparentTemperature":45.99,"dewPoint":46.75,"humidity":0.91,"windSpeed":7.73,"windBearing":143,"visibility":5.38,"cloudCover":1,"pressure":1021.11,"ozone":320},{"time":1488340800,"summary":"Drizzle","icon":"rain","precipIntensity":0.0056,"precipProbability":0.25,"precipType":"rain","temperature":48.8,"apparentTemperature":45.4,"dewPoint":46.48,"humidity":0.92,"windSpeed":7.78,"windBearing":150,"visibility":4.95,"cloudCover":1,"pressure":1019.9,"ozone":319.29},{"time":1488344400,"summary":"Light Rain","icon":"rain","precipIntensity":0.0114,"precipProbability":0.52,"precipType":"rain","temperature":48.01,"apparentTemperature":44.35,"dewPoint":45.79,"humidity":0.92,"windSpeed":7.98,"windBearing":158,"visibility":3.86,"cloudCover":1,"pressure":1018.42,"ozone":317.75},{"time":1488348000,"summary":"Light Rain","icon":"rain","precipIntensity":0.0163,"precipProbability":0.58,"precipType":"rain","temperature":48.65,"apparentTemperature":44.99,"dewPoint":46.28,"humidity":0.91,"windSpeed":8.33,"windBearing":162,"visibility":3.52,"cloudCover":1,"pressure":1016.86,"ozone":315.86},{"time":1488351600,"summary":"Light Rain","icon":"rain","precipIntensity":0.0199,"precipProbability":0.61,"precipType":"rain","temperature":49.31,"apparentTemperature":45.49,"dewPoint":47,"humidity":0.92,"windSpeed":9.12,"windBearing":161,"visibility":3.2,"cloudCover":1,"pressure":1015.2,"ozone":313.46},{"time":1488355200,"summary":"Light Rain","icon":"rain","precipIntensity":0.0211,"precipProbability":0.61,"precipType":"rain","temperature":49.99,"apparentTemperature":46.19,"dewPoint":47.78,"humidity":0.92,"windSpeed":9.51,"windBearing":155,"visibility":4.38,"cloudCover":1,"pressure":1013.47,"ozone":310.72},{"time":1488358800,"summary":"Light Rain","icon":"rain","precipIntensity":0.0205,"precipProbability":0.61,"precipType":"rain","temperature":50.55,"apparentTemperature":50.55,"dewPoint":48.51,"humidity":0.93,"windSpeed":9.63,"windBearing":154,"visibility":5.23,"cloudCover":1,"pressure":1011.84,"ozone":308.65},{"time":1488362400,"summary":"Light Rain","icon":"rain","precipIntensity":0.0171,"precipProbability":0.58,"precipType":"rain","temperature":50.57,"apparentTemperature":50.57,"dewPoint":49.13,"humidity":0.95,"windSpeed":9.25,"windBearing":158,"visibility":5.28,"cloudCover":1,"pressure":1010.57,"ozone":307.56},{"time":1488366000,"summary":"Light Rain","icon":"rain","precipIntensity":0.0118,"precipProbability":0.53,"precipType":"rain","temperature":50.82,"apparentTemperature":50.82,"dewPoint":49.84,"humidity":0.96,"windSpeed":8.7,"windBearing":165,"visibility":3.35,"cloudCover":1,"pressure":1009.49,"ozone":307.13},{"time":1488369600,"summary":"Drizzle","icon":"rain","precipIntensity":0.0076,"precipProbability":0.38,"precipType":"rain","temperature":51.38,"apparentTemperature":51.38,"dewPoint":50.55,"humidity":0.97,"windSpeed":8.55,"windBearing":175,"visibility":1.65,"cloudCover":1,"pressure":1008.43,"ozone":307.41},{"time":1488373200,"summary":"Drizzle","icon":"rain","precipIntensity":0.0053,"precipProbability":0.23,"precipType":"rain","temperature":52.42,"apparentTemperature":52.42,"dewPoint":51.3,"humidity":0.96,"windSpeed":8.96,"windBearing":186,"visibility":3.21,"cloudCover":1,"pressure":1007.4,"ozone":308.92},{"time":1488376800,"summary":"Overcast","icon":"cloudy","precipIntensity":0.0039,"precipProbability":0.15,"precipType":"rain","temperature":54.24,"apparentTemperature":54.24,"dewPoint":52.62,"humidity":0.94,"windSpeed":10.02,"windBearing":195,"visibility":7.11,"cloudCover":1,"pressure":1006.37,"ozone":311.14},{"time":1488380400,"summary":"Overcast","icon":"cloudy","precipIntensity":0.0032,"precipProbability":0.11,"precipType":"rain","temperature":56.1,"apparentTemperature":56.1,"dewPoint":53.94,"humidity":0.92,"windSpeed":11.19,"windBearing":197,"visibility":10,"cloudCover":1,"pressure":1005.13,"ozone":312.58},{"time":1488384000,"summary":"Overcast","icon":"cloudy","precipIntensity":0.0032,"precipProbability":0.11,"precipType":"rain","temperature":58,"apparentTemperature":58,"dewPoint":55.5,"humidity":0.91,"windSpeed":12.18,"windBearing":190,"visibility":10,"cloudCover":1,"pressure":1003.62,"ozone":312.32},{"time":1488387600,"summary":"Overcast","icon":"cloudy","precipIntensity":0.0039,"precipProbability":0.15,"precipType":"rain","temperature":59.83,"apparentTemperature":59.83,"dewPoint":57.1,"humidity":0.91,"windSpeed":13.48,"windBearing":183,"visibility":10,"cloudCover":1,"pressure":1002.02,"ozone":311.29},{"time":1488391200,"summary":"Overcast","icon":"cloudy","precipIntensity":0.0045,"precipProbability":0.18,"precipType":"rain","temperature":61.18,"apparentTemperature":61.18,"dewPoint":58.33,"humidity":0.9,"windSpeed":14.59,"windBearing":180,"visibility":10,"cloudCover":1,"pressure":1000.62,"ozone":310.82},{"time":1488394800,"summary":"Overcast","icon":"cloudy","precipIntensity":0.0045,"precipProbability":0.18,"precipType":"rain","temperature":61.86,"apparentTemperature":61.86,"dewPoint":59.05,"humidity":0.91,"windSpeed":15.44,"windBearing":184,"visibility":10,"cloudCover":1,"pressure":999.51,"ozone":311.32},{"time":1488398400,"summary":"Overcast","icon":"cloudy","precipIntensity":0.0044,"precipProbability":0.17,"precipType":"rain","temperature":62.58,"apparentTemperature":62.58,"dewPoint":59.91,"humidity":0.91,"windSpeed":16.21,"windBearing":190,"visibility":10,"cloudCover":1,"pressure":998.54,"ozone":312.4},{"time":1488402000,"summary":"Overcast","icon":"cloudy","precipIntensity":0.004,"precipProbability":0.15,"precipType":"rain","temperature":63.58,"apparentTemperature":63.58,"dewPoint":60.97,"humidity":0.91,"windSpeed":16.78,"windBearing":195,"visibility":10,"cloudCover":1,"pressure":997.83,"ozone":314.18},{"time":1488405600,"summary":"Overcast","icon":"cloudy","precipIntensity":0.003,"precipProbability":0.1,"precipType":"rain","temperature":64.82,"apparentTemperature":64.82,"dewPoint":62.06,"humidity":0.91,"windSpeed":16.81,"windBearing":198,"visibility":10,"cloudCover":0.99,"pressure":997.46,"ozone":317.12},{"time":1488409200,"summary":"Overcast","icon":"cloudy","precipIntensity":0.0018,"precipProbability":0.04,"precipType":"rain","temperature":65.95,"apparentTemperature":65.95,"dewPoint":62.96,"humidity":0.9,"windSpeed":16.49,"windBearing":200,"visibility":10,"cloudCover":0.97,"pressure":997.32,"ozone":320.78},{"time":1488412800,"summary":"Overcast","icon":"cloudy","precipIntensity":0.0009,"precipProbability":0.01,"precipType":"rain","temperature":66.63,"apparentTemperature":66.63,"dewPoint":63.51,"humidity":0.9,"windSpeed":16.37,"windBearing":200,"visibility":10,"cloudCover":0.96,"pressure":997.05,"ozone":323.97},{"time":1488416400,"summary":"Overcast","icon":"cloudy","precipIntensity":0,"precipProbability":0,"temperature":64.72,"apparentTemperature":64.72,"dewPoint":61.76,"humidity":0.9,"windSpeed":17.02,"windBearing":198,"visibility":10,"cloudCover":0.94,"pressure":996.59,"ozone":326.18},{"time":1488420000,"summary":"Mostly Cloudy","icon":"partly-cloudy-night","precipIntensity":0,"precipProbability":0,"temperature":60.95,"apparentTemperature":60.95,"dewPoint":58.28,"humidity":0.91,"windSpeed":17.67,"windBearing":196,"visibility":10,"cloudCover":0.91,"pressure":995.71,"ozone":327.92},{"time":1488423600,"summary":"Mostly Cloudy","icon":"partly-cloudy-night","precipIntensity":0,"precipProbability":0,"temperature":60.63,"apparentTemperature":60.63,"dewPoint":58.1,"humidity":0.91,"windSpeed":17.68,"windBearing":194,"visibility":10,"cloudCover":0.9,"pressure":995.01,"ozone":329.56},{"time":1488427200,"summary":"Overcast","icon":"cloudy","precipIntensity":0.0008,"precipProbability":0.01,"precipType":"rain","temperature":64.58,"apparentTemperature":64.58,"dewPoint":61.99,"humidity":0.91,"windSpeed":17.14,"windBearing":194,"visibility":10,"cloudCover":0.94,"pressure":994.35,"ozone":330.71},{"time":1488430800,"summary":"Overcast","icon":"cloudy","precipIntensity":0.001,"precipProbability":0.01,"precipType":"rain","temperature":66.94,"apparentTemperature":66.94,"dewPoint":64.16,"humidity":0.91,"windSpeed":17,"windBearing":194,"visibility":10,"cloudCover":0.99,"pressure":993.72,"ozone":331.77},{"time":1488434400,"summary":"Overcast","icon":"cloudy","precipIntensity":0.0018,"precipProbability":0.04,"precipType":"rain","temperature":65.32,"apparentTemperature":65.32,"dewPoint":62.18,"humidity":0.9,"windSpeed":16.32,"windBearing":197,"visibility":10,"cloudCover":0.97,"pressure":993.37,"ozone":334.22},{"time":1488438000,"summary":"Mostly Cloudy","icon":"partly-cloudy-night","precipIntensity":0.0038,"precipProbability":0.14,"precipType":"rain","temperature":63.49,"apparentTemperature":63.49,"dewPoint":59.84,"humidity":0.88,"windSpeed":14.77,"windBearing":204,"visibility":10,"cloudCover":0.79,"pressure":993.44,"ozone":338.93},{"time":1488441600,"summary":"Drizzle","icon":"rain","precipIntensity":0.0063,"precipProbability":0.29,"precipType":"rain","temperature":61.59,"apparentTemperature":61.59,"dewPoint":57.2,"humidity":0.86,"windSpeed":13.37,"windBearing":217,"visibility":10,"cloudCover":0.53,"pressure":993.93,"ozone":345.04},{"time":1488445200,"summary":"Drizzle","icon":"rain","precipIntensity":0.0074,"precipProbability":0.37,"precipType":"rain","temperature":58.98,"apparentTemperature":58.98,"dewPoint":53.34,"humidity":0.82,"windSpeed":13.47,"windBearing":230,"visibility":10,"cloudCover":0.37,"pressure":994.72,"ozone":351.51}]},"daily":{"summary":"Mixed precipitation throughout the week, with temperatures peaking at 67°F on Thursday.","icon":"rain","data":[{"time":1488258000,"summary":"Light rain overnight.","icon":"rain","sunriseTime":1488281002,"sunsetTime":1488321319,"moonPhase":0.07,"precipIntensity":0.0006,"precipIntensityMax":0.0056,"precipIntensityMaxTime":1488340800,"precipProbability":0.25,"precipType":"rain","temperatureMin":33.58,"temperatureMinTime":1488265200,"temperatureMax":64.43,"temperatureMaxTime":1488308400,"apparentTemperatureMin":31.51,"apparentTemperatureMinTime":1488261600,"apparentTemperatureMax":64.43,"apparentTemperatureMaxTime":1488308400,"dewPoint":39.08,"humidity":0.76,"windSpeed":4.45,"windBearing":153,"visibility":8.71,"cloudCover":0.73,"pressure":1026.59,"ozone":326.02},{"time":1488344400,"summary":"Light rain in the morning.","icon":"rain","sunriseTime":1488367306,"sunsetTime":1488407791,"moonPhase":0.11,"precipIntensity":0.0071,"precipIntensityMax":0.0211,"precipIntensityMaxTime":1488355200,"precipProbability":0.61,"precipType":"rain","temperatureMin":48.01,"temperatureMinTime":1488344400,"temperatureMax":66.63,"temperatureMaxTime":1488412800,"apparentTemperatureMin":44.35,"apparentTemperatureMinTime":1488344400,"apparentTemperatureMax":66.63,"apparentTemperatureMaxTime":1488412800,"dewPoint":55.09,"humidity":0.92,"windSpeed":12.45,"windBearing":186,"visibility":7.57,"cloudCover":0.98,"pressure":1004.12,"ozone":315.41},{"time":1488430800,"summary":"Drizzle in the morning.","icon":"rain","sunriseTime":1488453609,"sunsetTime":1488494264,"moonPhase":0.15,"precipIntensity":0.0013,"precipIntensityMax":0.0074,"precipIntensityMaxTime":1488445200,"precipProbability":0.37,"precipType":"rain","temperatureMin":30.75,"temperatureMinTime":1488513600,"temperatureMax":66.94,"temperatureMaxTime":1488430800,"apparentTemperatureMin":21.66,"apparentTemperatureMinTime":1488513600,"apparentTemperatureMax":66.94,"apparentTemperatureMaxTime":1488430800,"dewPoint":31.5,"humidity":0.59,"windSpeed":14.5,"windBearing":253,"visibility":10,"cloudCover":0.4,"pressure":1003.8,"ozone":374.49},{"time":1488517200,"summary":"Mixed precipitation starting in the afternoon, continuing until evening.","icon":"rain","sunriseTime":1488539911,"sunsetTime":1488580735,"moonPhase":0.18,"precipIntensity":0.0027,"precipIntensityMax":0.0099,"precipIntensityMaxTime":1488574800,"precipProbability":0.5,"precipType":"snow","precipAccumulation":0.507,"temperatureMin":25.5,"temperatureMinTime":1488600000,"temperatureMax":42.93,"temperatureMaxTime":1488571200,"apparentTemperatureMin":16.32,"apparentTemperatureMinTime":1488600000,"apparentTemperatureMax":38.51,"apparentTemperatureMaxTime":1488571200,"dewPoint":15.79,"humidity":0.52,"windSpeed":7.79,"windBearing":293,"visibility":10,"cloudCover":0.33,"pressure":1018.79,"ozone":402.47},{"time":1488603600,"summary":"Breezy and partly cloudy in the morning.","icon":"wind","sunriseTime":1488626213,"sunsetTime":1488667207,"moonPhase":0.22,"precipIntensity":0,"precipIntensityMax":0,"precipProbability":0,"temperatureMin":9.63,"temperatureMinTime":1488628800,"temperatureMax":33.72,"temperatureMaxTime":1488661200,"apparentTemperatureMin":-8.59,"apparentTemperatureMinTime":1488628800,"apparentTemperatureMax":23.11,"apparentTemperatureMaxTime":1488661200,"dewPoint":1.75,"humidity":0.43,"windSpeed":14.97,"windBearing":307,"cloudCover":0.18,"pressure":1026.82,"ozone":438.73},{"time":1488690000,"summary":"Light rain starting in the afternoon, continuing until evening.","icon":"rain","sunriseTime":1488712514,"sunsetTime":1488753678,"moonPhase":0.26,"precipIntensity":0.0027,"precipIntensityMax":0.0096,"precipIntensityMaxTime":1488754800,"precipProbability":0.5,"precipType":"rain","temperatureMin":17.78,"temperatureMinTime":1488704400,"temperatureMax":47.62,"temperatureMaxTime":1488744000,"apparentTemperatureMin":6.78,"apparentTemperatureMinTime":1488704400,"apparentTemperatureMax":42.4,"apparentTemperatureMaxTime":1488744000,"dewPoint":21.65,"humidity":0.65,"windSpeed":9.01,"windBearing":246,"cloudCover":0.69,"pressure":1021.89,"ozone":387.15},{"time":1488776400,"summary":"Light rain overnight.","icon":"rain","sunriseTime":1488798815,"sunsetTime":1488840149,"moonPhase":0.3,"precipIntensity":0.0012,"precipIntensityMax":0.0019,"precipIntensityMaxTime":1488776400,"precipProbability":0.05,"precipType":"rain","temperatureMin":32.03,"temperatureMinTime":1488798000,"temperatureMax":54.2,"temperatureMaxTime":1488830400,"apparentTemperatureMin":24.64,"apparentTemperatureMinTime":1488798000,"apparentTemperatureMax":54.2,"apparentTemperatureMaxTime":1488830400,"dewPoint":34.4,"humidity":0.77,"windSpeed":6.86,"windBearing":272,"cloudCover":0.21,"pressure":1017.73,"ozone":360.07},{"time":1488862800,"summary":"Rain in the morning and evening.","icon":"rain","sunriseTime":1488885114,"sunsetTime":1488926619,"moonPhase":0.33,"precipIntensity":0.018,"precipIntensityMax":0.0653,"precipIntensityMaxTime":1488880800,"precipProbability":0.75,"precipType":"rain","temperatureMin":35.69,"temperatureMinTime":1488877200,"temperatureMax":55.1,"temperatureMaxTime":1488916800,"apparentTemperatureMin":30.84,"apparentTemperatureMinTime":1488880800,"apparentTemperatureMax":55.1,"apparentTemperatureMaxTime":1488916800,"dewPoint":35.55,"humidity":0.74,"windSpeed":7.66,"windBearing":264,"cloudCover":0.63,"pressure":1010.01,"ozone":357.7}]},"flags":{"sources":["lamp","gfs","cmc","nam","rap","rtma","sref","fnmoc","isd","madis","nearest-precip","nwspa","darksky"],"lamp-stations":["KBED","KBOS","KBVY","KEWB","KFIT","KLWM","KMQE","KORH","KOWD","KPVD","KPYM","KSFZ","KTAN"],"isd-stations":["725054-64710","725054-99999","725059-14702","725059-99999","725090-14739","725097-14790","725098-54704","725098-99999","744900-14702","744907-14753","994971-99999","999999-04769","999999-14789","999999-14790","999999-94701","999999-94707"],"madis-stations":["C0104","C0237","C4987","C5833","D2671","D3500","D3829","D6574","D7311","D8502","E1555","E3326","E6327","E8536","E8754","MA017"],"units":"us"}}