{"latitude":42.3596764,"longitude":-71.0958358,"timezone":"America/New_York","offset":-5,"currently":{"time":1488370375,"summary":"Foggy","icon":"fog","nearestStormDistance":32,"nearestStormBearing":177,"precipIntensity":0,"precipProbability":0,"temperature":50.16,"apparentTemperature":50.16,"dewPoint":49.03,"humidity":0.96,"windSpeed":8.83,"windBearing":176,"visibility":1.93,"cloudCover":1,"pressure":1010.58,"ozone":314.51},"minutely":{"summary":"Foggy for the hour.","icon":"fog","data":[{"time":1488370320,"precipIntensity":0,"precipProbability":0},{"time":1488370380,"precipIntensity":0,"precipProbability":0},{"time":1488370440,"precipIntensity":0,"precipProbability":0},{"time":1488370500,"precipIntensity":0,"precipProbability":0},{"time":1488370560,"precipIntensity":0,"precipProbability":0},{"time":1488370620,"precipIntensity":0,"precipProbability":0},{"time":1488370680,"precipIntensity":0,"precipProbability":0},{"time":1488370740,"precipIntensity":0,"precipProbability":0},{"time":1488370800,"precipIntensity":0,"precipProbability":0},{"time":1488370860,"precipIntensity":0,"precipProbability":0},{"time":1488370920,"precipIntensity":0,"precipProbability":0},{"time":1488370980,"precipIntensity":0,"precipProbability":0},{"time":1488371040,"precipIntensity":0,"precipProbability":0},{"time":1488371100,"precipIntensity":0,"precipProbability":0},{"time":1488371160,"precipIntensity":0,"precipProbability":0},{"time":1488371220,"precipIntensity":0,"precipProbability":0},{"time":1488371280,"precipIntensity":0,"precipProbability":0},{"time":1488371340,"precipIntensity":0,"precipProbability":0},{"time":1488371400,"precipIntensity":0,"precipProbability":0},{"time":1488371460,"precipIntensity":0,"precipProbability":0},{"time":1488371520,"precipIntensity":0,"precipProbability":0},{"time":1488371580,"precipIntensity":0,"precipProbability":0},{"time":1488371640,"precipIntensity":0,"precipProbability":0},{"time":1488371700,"precipIntensity":0,"precipProbability":0},{"time":1488371760,"precipIntensity":0,"precipProbability":0},{"time":1488371820,"precipIntensity":0,"precipProbability":0},{"time":1488371880,"precipIntensity":0,"precipProbability":0},{"time":1488371940,"precipIntensity":0,"precipProbability":0},{"time":1488372000,"precipIntensity":0,"precipProbability":0},{"time":1488372060,"precipIntensity":0,"precipProbability":0},{"time":1488372120,"precipIntensity":0,"precipProbability":0},{"time":1488372180,"precipIntensity":0,"precipProbability":0},{"time":1488372240,"precipIntensity":0,"precipProbability":0},{"time":1488372300,"precipIntensity":0,"precipProbability":0},{"time":1488372360,"precipIntensity":0,"precipProbability":0},{"time":1488372420,"precipIntensity":0,"precipProbability":0},{"time":1488372480,"precipIntensity":0,"precipProbability":0},{"time":1488372540,"precipIntensity":0,"precipProbability":0},{"time":1488372600,"precipIntensity":0,"precipProbability":0},{"time":1488372660,"precipIntensity":0,"precipProbability":0},{"time":1488372720,"precipIntensity":0,"precipProbability":0},{"time":1488372780,"precipIntensity":0,"precipProbability":0},{"time":1488372840,"precipIntensity":0,"precipProbability":0},{"time":1488372900,"precipIntensity":0,"precipProbability":0},{"time":1488372960,"precipIntensity":0,"precipProbability":0},{"time":1488373020,"precipIntensity":0,"precipProbability":0},{"time":1488373080,"precipIntensity":0,"precipProbability":0},{"time":1488373140,"precipIntensity":0,"precipProbability":0},{"time":1488373200,"precipIntensity":0,"precipProbability":0},{"time":1488373260,"precipIntensity":0,"precipProbability":0},{"time":1488373320,"precipIntensity":0,"precipProbability":0},{"time":1488373380,"precipIntensity":0,"precipProbability":0},{"time":1488373440,"precipIntensity":0,"precipProbability":0},{"time":1488373500,"precipIntensity":0,"precipProbability":0},{"time":1488373560,"precipIntensity":0,"precipProbability":0},{"time":1488373620,"precipIntensity":0,"precipProbability":0},{"time":1488373680,"precipIntensity":0,"precipProbability":0},{"time":1488373740,"precipIntensity":0,"precipProbability":0},{"time":1488373800,"precipIntensity":0,"precipProbability":0},{"time":1488373860,"precipIntensity":0,"precipProbability":0},{"time":1488373920,"precipIntensity":0,"precipProbability":0}]},"hourly":{"summary":"Light rain this afternoon and tonight.","icon":"rain","data":[{"time":1488369600,"summary":"Drizzle","icon":"rain","precipIntensity":0.0054,"precipProbability":0.26,"precipType":"rain","temperature":50.16,"apparentTemperature":50.16,"dewPoint":48.99,"humidity":0.96,"windSpeed":8.57,"windBearing":176,"visibility":1.73,"cloudCover":1,"pressure":1011.07,"ozone":314.75},{"time":1488373200,"summary":"Overcast","icon":"cloudy","precipIntensity":0.0009,"precipProbability":0.02,"precipType":"rain","temperature":51.24,"apparentTemperature":51.24,"dewPoint":50.24,"humidity":0.96,"windSpeed":9.8,"windBearing":177,"visibility":2.69,"cloudCover":1,"pressure":1008.79,"ozone":313.65},{"time":1488376800,"summary":"Overcast","icon":"cloudy","precipIntensity":0,"precipProbability":0,"temperature":52.69,"apparentTemperature":52.69,"dewPoint":51,"humidity":0.94,"windSpeed":10.33,"windBearing":183,"visibility":3.75,"cloudCover":1,"pressure":1007.46,"ozone":313.27},{"time":1488380400,"summary":"Overcast","icon":"cloudy","precipIntensity":0,"precipProbability":0,"temperature":55.19,"apparentTemperature":55.19,"dewPoint":52.73,"humidity":0.91,"windSpeed":11.19,"windBearing":188,"visibility":4.56,"cloudCover":1,"pressure":1006.11,"ozone":312.71},{"time":1488384000,"summary":"Overcast","icon":"cloudy","precipIntensity":0.0012,"precipProbability":0.02,"precipType":"rain","temperature":58.35,"apparentTemperature":58.35,"dewPoint":54.96,"humidity":0.88,"windSpeed":11.71,"windBearing":189,"visibility":4.54,"cloudCover":1,"pressure":1004.69,"ozone":311.37},{"time":1488387600,"summary":"Overcast","icon":"cloudy","precipIntensity":0.0028,"precipProbability":0.09,"precipType":"rain","temperature":61.79,"apparentTemperature":61.79,"dewPoint":57.59,"humidity":0.86,"windSpeed":12.75,"windBearing":191,"visibility":4.48,"cloudCover":1,"pressure":1003.22,"ozone":309.85},{"time":1488391200,"summary":"Overcast","icon":"cloudy","precipIntensity":0.0039,"precipProbability":0.14,"precipType":"rain","temperature":64.17,"apparentTemperature":64.17,"dewPoint":59.14,"humidity":0.84,"windSpeed":14.58,"windBearing":192,"visibility":5.13,"cloudCover":1,"pressure":1001.73,"ozone":309.11},{"time":1488394800,"summary":"Light Rain","icon":"rain","precipIntensity":0.0212,"precipProbability":0.61,"precipType":"rain","temperature":66.01,"apparentTemperature":66.01,"dewPoint":59.97,"humidity":0.81,"windSpeed":16.2,"windBearing":194,"visibility":5.86,"cloudCover":1,"pressure":1000.33,"ozone":309.26},{"time":1488398400,"summary":"Drizzle","icon":"rain","precipIntensity":0.0054,"precipProbability":0.24,"precipType":"rain","temperature":65.12,"apparentTemperature":65.12,"dewPoint":59.64,"humidity":0.82,"windSpeed":15.9,"windBearing":197,"visibility":6.02,"cloudCover":0.99,"pressure":999.02,"ozone":310.2},{"time":1488402000,"summary":"Overcast","icon":"cloudy","precipIntensity":0.0026,"precipProbability":0.08,"precipType":"rain","temperature":63.28,"apparentTemperature":63.28,"dewPoint":58.42,"humidity":0.84,"windSpeed":15.65,"windBearing":197,"visibility":5.64,"cloudCover":0.99,"pressure":998.04,"ozone":312.54},{"time":1488405600,"summary":"Overcast","icon":"cloudy","precipIntensity":0.0023,"precipProbability":0.06,"precipType":"rain","temperature":61.2,"apparentTemperature":61.2,"dewPoint":56.57,"humidity":0.85,"windSpeed":14.88,"windBearing":198,"visibility":5.63,"cloudCover":1,"pressure":997.56,"ozone":317.66},{"time":1488409200,"summary":"Overcast","icon":"cloudy","precipIntensity":0.0018,"precipProbability":0.04,"precipType":"rain","temperature":59.27,"apparentTemperature":59.27,"dewPoint":55.03,"humidity":0.86,"windSpeed":14.98,"windBearing":198,"visibility":6.6,"cloudCover":1,"pressure":997.48,"ozone":324.19},{"time":1488412800,"summary":"Overcast","icon":"cloudy","precipIntensity":0.0014,"precipProbability":0.03,"precipType":"rain","temperature":57.57,"apparentTemperature":57.57,"dewPoint":53.6,"humidity":0.87,"windSpeed":14.52,"windBearing":205,"visibility":8.51,"cloudCover":1,"pressure":997.42,"ozone":328.67},{"time":1488416400,"summary":"Overcast","icon":"cloudy","precipIntensity":0,"precipProbability":0,"temperature":58.13,"apparentTemperature":58.13,"dewPoint":53.84,"humidity":0.86,"windSpeed":14.37,"windBearing":207,"visibility":8.7,"cloudCover":0.97,"pressure":997.18,"ozone":329.27},{"time":1488420000,"summary":"Overcast","icon":"cloudy","precipIntensity":0,"precipProbability":0,"temperature":59.42,"apparentTemperature":59.42,"dewPoint":54.57,"humidity":0.84,"windSpeed":14.03,"windBearing":208,"visibility":8.85,"cloudCover":0.94,"pressure":996.84,"ozone":327.82},{"time":1488423600,"summary":"Mostly Cloudy","icon":"partly-cloudy-night","precipIntensity":0,"precipProbability":0,"temperature":61.29,"apparentTemperature":61.29,"dewPoint":56.2,"humidity":0.83,"windSpeed":14.31,"windBearing":204,"visibility":8.87,"cloudCover":0.92,"pressure":996.29,"ozone":326.28},{"time":1488427200,"summary":"Light Rain","icon":"rain","precipIntensity":0.0272,"precipProbability":0.65,"precipType":"rain","temperature":62.44,"apparentTemperature":62.44,"dewPoint":57.68,"humidity":0.84,"windSpeed":14.23,"windBearing":201,"visibility":8.78,"cloudCover":0.93,"pressure":995.44,"ozone":325.01},{"time":1488430800,"summary":"Light Rain","icon":"rain","precipIntensity":0.0268,"precipProbability":0.65,"precipType":"rain","temperature":62.99,"apparentTemperature":62.99,"dewPoint":57.84,"humidity":0.83,"windSpeed":15.53,"windBearing":200,"visibility":9.2,"cloudCover":0.95,"pressure":994.56,"ozone":323.66},{"time":1488434400,"summary":"Light Rain","icon":"rain","precipIntensity":0.0264,"precipProbability":0.64,"precipType":"rain","temperature":62.49,"apparentTemperature":62.49,"dewPoint":56.96,"humidity":0.82,"windSpeed":15.4,"windBearing":204,"visibility":9.5,"cloudCover":0.97,"pressure":993.86,"ozone":323.18},{"time":1488438000,"summary":"Light Rain","icon":"rain","precipIntensity":0.0208,"precipProbability":0.61,"precipType":"rain","temperature":61.42,"apparentTemperature":61.42,"dewPoint":55.75,"humidity":0.82,"windSpeed":14.89,"windBearing":207,"visibility":9.69,"cloudCover":0.95,"pressure":993.17,"ozone":323.28},{"time":1488441600,"summary":"Light Rain","icon":"rain","precipIntensity":0.0118,"precipProbability":0.53,"precipType":"rain","temperature":60.08,"apparentTemperature":60.08,"dewPoint":54.12,"humidity":0.81,"windSpeed":14.64,"windBearing":215,"visibility":9.79,"cloudCover":0.93,"pressure":992.68,"ozone":324.25},{"time":1488445200,"summary":"Mostly Cloudy","icon":"partly-cloudy-night","precipIntensity":0.0032,"precipProbability":0.11,"precipType":"rain","temperature":58.36,"apparentTemperature":58.36,"dewPoint":51.64,"humidity":0.78,"windSpeed":14.74,"windBearing":230,"visibility":10,"cloudCover":0.88,"pressure":992.7,"ozone":327.91},{"time":1488448800,"summary":"Mostly Cloudy","icon":"partly-cloudy-night","precipIntensity":0.0014,"precipProbability":0.03,"precipType":"rain","temperature":55.33,"apparentTemperature":55.33,"dewPoint":47.37,"humidity":0.75,"windSpeed":15.43,"windBearing":234,"visibility":10,"cloudCover":0.65,"pressure":993.34,"ozone":336.68},{"time":1488452400,"summary":"Partly Cloudy","icon":"partly-cloudy-night","precipIntensity":0.0014,"precipProbability":0.03,"precipType":"rain","temperature":51.65,"apparentTemperature":51.65,"dewPoint":41.61,"humidity":0.68,"windSpeed":16.77,"windBearing":242,"visibility":10,"cloudCover":0.44,"pressure":994.41,"ozone":348.14},{"time":1488456000,"summary":"Partly Cloudy","icon":"partly-cloudy-day","precipIntensity":0.0015,"precipProbability":0.03,"precipType":"rain","temperature":49.21,"apparentTemperature":43.16,"dewPoint":37.78,"humidity":0.65,"windSpeed":17.08,"windBearing":248,"visibility":10,"cloudCover":0.44,"pressure":995.51,"ozone":356.78},{"time":1488459600,"summary":"Partly Cloudy","icon":"partly-cloudy-day","precipIntensity":0.0011,"precipProbability":0.02,"precipType":"rain","temperature":46.81,"apparentTemperature":39.72,"dewPoint":33.89,"humidity":0.61,"windSpeed":18.56,"windBearing":248,"visibility":10,"cloudCover":0.51,"pressure":996.43,"ozone":359.72},{"time":1488463200,"summary":"Mostly Cloudy","icon":"partly-cloudy-day","precipIntensity":0.0009,"precipProbability":0.01,"precipType":"rain","temperature":45.05,"apparentTemperature":36.88,"dewPoint":30.7,"humidity":0.57,"windSpeed":21.09,"windBearing":248,"visibility":10,"cloudCover":0.65,"pressure":997.34,"ozone":359.85},{"time":1488466800,"summary":"Breezy and Mostly Cloudy","icon":"wind","precipIntensity":0,"precipProbability":0,"temperature":43.46,"apparentTemperature":34.27,"dewPoint":27.83,"humidity":0.54,"windSpeed":23.61,"windBearing":248,"visibility":10,"cloudCover":0.72,"pressure":998.37,"ozone":360.34},{"time":1488470400,"summary":"Breezy and Partly Cloudy","icon":"wind","precipIntensity":0,"precipProbability":0,"temperature":41.88,"apparentTemperature":31.94,"dewPoint":25.18,"humidity":0.51,"windSpeed":24.82,"windBearing":249,"visibility":10,"cloudCover":0.58,"pressure":999.58,"ozone":362.29},{"time":1488474000,"summary":"Breezy and Partly Cloudy","icon":"wind","precipIntensity":0,"precipProbability":0,"temperature":40.44,"apparentTemperature":30.06,"dewPoint":22.9,"humidity":0.49,"windSpeed":24.62,"windBearing":252,"visibility":10,"cloudCover":0.34,"pressure":1000.84,"ozone":364.62},{"time":1488477600,"summary":"Clear","icon":"clear-day","precipIntensity":0,"precipProbability":0,"temperature":39.38,"apparentTemperature":28.7,"dewPoint":21.33,"humidity":0.48,"windSpeed":24.32,"windBearing":254,"visibility":10,"cloudCover":0.14,"pressure":1002.12,"ozone":367.26},{"time":1488481200,"summary":"Clear","icon":"clear-day","precipIntensity":0,"precipProbability":0,"temperature":39.28,"apparentTemperature":28.62,"dewPoint":20.9,"humidity":0.47,"windSpeed":24.05,"windBearing":257,"visibility":10,"cloudCover":0.06,"pressure":1003.36,"ozone":370.34},{"time":1488484800,"summary":"Clear","icon":"clear-day","precipIntensity":0,"precipProbability":0,"temperature":39.69,"apparentTemperature":29.35,"dewPoint":21.24,"humidity":0.47,"windSpeed":23.16,"windBearing":261,"visibility":10,"cloudCover":0.04,"pressure":1004.67,"ozone":373.75},{"time":1488488400,"summary":"Clear","icon":"clear-day","precipIntensity":0,"precipProbability":0,"temperature":39.67,"apparentTemperature":29.53,"dewPoint":21.51,"humidity":0.48,"windSpeed":22.22,"windBearing":263,"visibility":10,"cloudCover":0.02,"pressure":1006.16,"ozone":377.08},{"time":1488492000,"summary":"Clear","icon":"clear-day","precipIntensity":0,"precipProbability":0,"temperature":38.68,"apparentTemperature":28.53,"dewPoint":21.5,"humidity":0.5,"windSpeed":20.94,"windBearing":263,"visibility":10,"cloudCover":0.01,"pressure":1007.98,"ozone":380.47},{"time":1488495600,"summary":"Clear","icon":"clear-night","precipIntensity":0,"precipProbability":0,"temperature":37.21,"apparentTemperature":26.96,"dewPoint":21.29,"humidity":0.52,"windSpeed":19.45,"windBearing":261,"visibility":10,"cloudCover":0.01,"pressure":1009.97,"ozone":383.78},{"time":1488499200,"summary":"Clear","icon":"clear-night","precipIntensity":0,"precipProbability":0,"temperature":35.73,"apparentTemperature":25.39,"dewPoint":20.57,"humidity":0.54,"windSpeed":18.14,"windBearing":260,"visibility":10,"cloudCover":0.01,"pressure":1011.71,"ozone":386.31},{"time":1488502800,"summary":"Clear","icon":"clear-night","precipIntensity":0,"precipProbability":0,"temperature":34.39,"apparentTemperature":23.94,"dewPoint":19.05,"humidity":0.53,"windSpeed":17.2,"windBearing":260,"visibility":10,"cloudCover":0.01,"pressure":1013.09,"ozone":387.6},{"time":1488506400,"summary":"Clear","icon":"clear-night","precipIntensity":0,"precipProbability":0,"temperature":33.06,"apparentTemperature":22.46,"dewPoint":17.09,"humidity":0.51,"windSpeed":16.43,"windBearing":262,"visibility":10,"cloudCover":0,"pressure":1014.24,"ozone":388.11},{"time":1488510000,"summary":"Clear","icon":"clear-night","precipIntensity":0,"precipProbability":0,"temperature":31.79,"apparentTemperature":21.08,"dewPoint":15.42,"humidity":0.5,"windSpeed":15.66,"windBearing":263,"visibility":10,"cloudCover":0,"pressure":1015.24,"ozone":388.44},{"time":1488513600,"summary":"Clear","icon":"clear-night","precipIntensity":0,"precipProbability":0,"temperature":30.69,"apparentTemperature":19.96,"dewPoint":14.39,"humidity":0.5,"windSpeed":14.85,"windBearing":263,"visibility":10,"cloudCover":0,"pressure":1016.08,"ozone":388.58},{"time":1488517200,"summary":"Clear","icon":"clear-night","precipIntensity":0,"precipProbability":0,"temperature":30.63,"apparentTemperature":20.2,"dewPoint":14.54,"humidity":0.51,"windSpeed":14.06,"windBearing":263,"visibility":10,"cloudCover":0,"pressure":1016.75,"ozone":388.54},{"time":1488520800,"summary":"Clear","icon":"clear-night","precipIntensity":0,"precipProbability":0,"temperature":30.56,"apparentTemperature":20.44,"dewPoint":14.73,"humidity":0.51,"windSpeed":13.21,"windBearing":264,"visibility":10,"cloudCover":0,"pressure":1017.29,"ozone":388.92},{"time":1488524400,"summary":"Clear","icon":"clear-night","precipIntensity":0,"precipProbability":0,"temperature":30.17,"apparentTemperature":20.38,"dewPoint":14.69,"humidity":0.52,"windSpeed":12.21,"windBearing":265,"visibility":10,"cloudCover":0,"pressure":1017.64,"ozone":390.16},{"time":1488528000,"summary":"Clear","icon":"clear-night","precipIntensity":0,"precipProbability":0,"temperature":29.53,"apparentTemperature":20.08,"dewPoint":14.47,"humidity":0.53,"windSpeed":11.15,"windBearing":268,"visibility":10,"cloudCover":0,"pressure":1017.88,"ozone":391.82},{"time":1488531600,"summary":"Clear","icon":"clear-night","precipIntensity":0,"precipProbability":0,"temperature":28.77,"apparentTemperature":19.65,"dewPoint":14.1,"humidity":0.54,"windSpeed":10.14,"windBearing":272,"visibility":10,"cloudCover":0,"pressure":1018.29,"ozone":393.13},{"time":1488535200,"summary":"Clear","icon":"clear-night","precipIntensity":0,"precipProbability":0,"temperature":27.94,"apparentTemperature":19.11,"dewPoint":13.78,"humidity":0.55,"windSpeed":9.27,"windBearing":274,"visibility":10,"cloudCover":0.07,"pressure":1018.87,"ozone":393.76},{"time":1488538800,"summary":"Clear","icon":"clear-night","precipIntensity":0,"precipProbability":0,"temperature":27.32,"apparentTemperature":18.84,"dewPoint":13.62,"humidity":0.56,"windSpeed":8.47,"windBearing":276,"visibility":10,"cloudCover":0.16,"pressure":1019.49,"ozone":394.03},{"time":1488542400,"summary":"Clear","icon":"clear-day","precipIntensity":0,"precipProbability":0,"temperature":27.53,"apparentTemperature":19.6,"dewPoint":13.56,"humidity":0.55,"windSpeed":7.71,"windBearing":277,"visibility":10,"cloudCover":0.21,"pressure":1019.98,"ozone":394.22}]},"daily":{"summary":"Mixed precipitation throughout the week, with temperatures falling to 32°F on Saturday.","icon":"rain","data":[{"time":1488344400,"summary":"Light rain in the morning and overnight.","icon":"rain","sunriseTime":1488367256,"sunsetTime":1488407722,"moonPhase":0.11,"precipIntensity":0.0041,"precipIntensityMax":0.0272,"precipIntensityMaxTime":1488427200,"precipProbability":0.65,"precipType":"rain","temperatureMin":48.68,"temperatureMinTime":1488348000,"temperatureMax":66.01,"temperatureMaxTime":1488394800,"apparentTemperatureMin":46.66,"apparentTemperatureMinTime":1488348000,"apparentTemperatureMax":66.01,"apparentTemperatureMaxTime":1488394800,"dewPoint":52.98,"humidity":0.89,"windSpeed":10.75,"windBearing":192,"visibility":5.66,"cloudCover":0.98,"pressure":1005.16,"ozone":319.2},{"time":1488430800,"summary":"Breezy and partly cloudy until afternoon.","icon":"wind","sunriseTime":1488453558,"sunsetTime":1488494195,"moonPhase":0.15,"precipIntensity":0.0041,"precipIntensityMax":0.0268,"precipIntensityMaxTime":1488430800,"precipProbability":0.65,"precipType":"rain","temperatureMin":30.69,"temperatureMinTime":1488513600,"temperatureMax":62.99,"temperatureMaxTime":1488430800,"apparentTemperatureMin":19.96,"apparentTemperatureMinTime":1488513600,"apparentTemperatureMax":62.99,"apparentTemperatureMaxTime":1488430800,"dewPoint":31.58,"humidity":0.6,"windSpeed":17.97,"windBearing":248,"visibility":9.92,"cloudCover":0.39,"pressure":1001.97,"ozone":360.93},{"time":1488517200,"summary":"Light snow starting in the afternoon, continuing until evening.","icon":"snow","sunriseTime":1488539860,"sunsetTime":1488580667,"moonPhase":0.18,"precipIntensity":0.001,"precipIntensityMax":0.0062,"precipIntensityMaxTime":1488574800,"precipProbability":0.29,"precipType":"snow","precipAccumulation":0.196,"temperatureMin":23.9,"temperatureMinTime":1488600000,"temperatureMax":42.05,"temperatureMaxTime":1488564000,"apparentTemperatureMin":11.63,"apparentTemperatureMinTime":1488600000,"apparentTemperatureMax":39.01,"apparentTemperatureMaxTime":1488564000,"dewPoint":13.93,"humidity":0.47,"windSpeed":8.49,"windBearing":298,"visibility":10,"cloudCover":0.31,"pressure":1019.32,"ozone":402.75},{"time":1488603600,"summary":"Partly cloudy until afternoon.","icon":"partly-cloudy-day","sunriseTime":1488626161,"sunsetTime":1488667139,"moonPhase":0.22,"precipIntensity":0,"precipIntensityMax":0,"precipProbability":0,"temperatureMin":14.65,"temperatureMinTime":1488628800,"temperatureMax":32.46,"temperatureMaxTime":1488668400,"apparentTemperatureMin":-1.12,"apparentTemperatureMinTime":1488628800,"apparentTemperatureMax":21.63,"apparentTemperatureMaxTime":1488668400,"dewPoint":-0.07,"humidity":0.39,"windSpeed":16.49,"windBearing":301,"visibility":10,"cloudCover":0.28,"pressure":1025.49,"ozone":451.3},{"time":1488690000,"summary":"Clear throughout the day.","icon":"clear-day","sunriseTime":1488712462,"sunsetTime":1488753611,"moonPhase":0.26,"precipIntensity":0,"precipIntensityMax":0,"precipProbability":0,"temperatureMin":16.19,"temperatureMinTime":1488708000,"temperatureMax":44.32,"temperatureMaxTime":1488747600,"apparentTemperatureMin":1.63,"apparentTemperatureMinTime":1488708000,"apparentTemperatureMax":38.97,"apparentTemperatureMaxTime":1488747600,"dewPoint":-0.21,"humidity":0.28,"windSpeed":11.41,"windBearing":306,"cloudCover":0,"pressure":1026.96,"ozone":430.08},{"time":1488776400,"summary":"Partly cloudy until afternoon.","icon":"partly-cloudy-day","sunriseTime":1488798762,"sunsetTime":1488840082,"moonPhase":0.3,"precipIntensity":0.0003,"precipIntensityMax":0.0013,"precipIntensityMaxTime":1488859200,"precipProbability":0.02,"precipType":"rain","temperatureMin":30.09,"temperatureMinTime":1488790800,"temperatureMax":56.17,"temperatureMaxTime":1488826800,"apparentTemperatureMin":25.51,"apparentTemperatureMinTime":1488790800,"apparentTemperatureMax":56.17,"apparentTemperatureMaxTime":1488826800,"dewPoint":22.58,"humidity":0.5,"windSpeed":2.25,"windBearing":209,"cloudCover":0.17,"pressure":1024.1,"ozone":388.11},{"time":1488862800,"summary":"Light rain in the morning and overnight.","icon":"rain","sunriseTime":1488885061,"sunsetTime":1488926553,"moonPhase":0.33,"precipIntensity":0.003,"precipIntensityMax":0.0051,"precipIntensityMaxTime":1488891600,"precipProbability":0.22,"precipType":"rain","temperatureMin":35.12,"temperatureMinTime":1488877200,"temperatureMax":56.42,"temperatureMaxTime":1488916800,"apparentTemperatureMin":35.12,"apparentTemperatureMinTime":1488877200,"apparentTemperatureMax":56.42,"apparentTemperatureMaxTime":1488916800,"dewPoint":38.85,"humidity":0.78,"windSpeed":4.52,"windBearing":175,"cloudCover":0.42,"pressure":1018.32,"ozone":315},{"time":1488949200,"summary":"Rain until afternoon.","icon":"rain","sunriseTime":1488971360,"sunsetTime":1489013024,"moonPhase":0.37,"precipIntensity":0.0177,"precipIntensityMax":0.0636,"precipIntensityMaxTime":1488985200,"precipProbability":0.75,"precipType":"rain","temperatureMin":43.81,"temperatureMinTime":1489032000,"temperatureMax":54.47,"temperatureMaxTime":1488985200,"apparentTemperatureMin":39.5,"apparentTemperatureMinTime":1489032000,"apparentTemperatureMax":54.47,"apparentTemperatureMaxTime":1488985200,"dewPoint":44.61,"humidity":0.84,"windSpeed":7.51,"windBearing":221,"cloudCover":0.82,"pressure":1009.81,"ozone":329.7}]},"alerts":[{"title":"Wind Advisory","regions":["Central Middlesex County","Eastern Essex","Eastern Franklin","Eastern Hampden","Eastern Hampshire","Eastern Norfolk","Northern Worcester","Northwest Middlesex County","Southeast Middlesex","Southern Worcester","Suffolk","Western Essex","Western Franklin","Western Hampden","Western Hampshire","Western Norfolk"],"severity":"advisory","time":1488369120,"expires":1488499200,"description":"...WIND ADVISORY REMAINS IN EFFECT FROM 1 AM TO 7 PM EST\nTHURSDAY...\n* Location...All of southern New England.\n* Winds...West 20 to 30 mph with gusts up to 50 mph.\n* Timing...The strongest winds are expected after sunrise on\nThursday continuing through Thursday afternoon. Winds should\nbegin to diminish a bit by early Thursday evening.\n* Impacts...Some downed tree limbs are expected. There also is\nthe risk for isolated power outages.","uri":"https://alerts.weather.gov/cap/wwacapget.php?x=MA125843A20B40.WindAdvisory.125843BECDC0MA.BOXNPWBOX.b8fd1d9e62fba16f2df740aaa77a50d0"}],"flags":{"sources":["lamp","gfs","cmc","nam","rap","rtma","sref","fnmoc","isd","madis","nearest-precip","nwspa","darksky"],"lamp-stations":["KASH","KBED","KBOS","KBVY","KFIT","KLWM","KMQE","KOWD","KPYM","KSFZ","KTAN"],"isd-stations":["725059-14702","725059-99999","725088-54733","725088-99999","725090-14739","725097-14790","725098-54704","725098-99999","726054-99999","744900-14702","744907-14753","992420-99999","994971-99999","999999-14789","999999-14790","999999-94701"],"madis-stations":["A1261","AN287","AV085","BHBM3","C0210","C6612","D0056","D7355","E2727","E3565","E5351","E5650","E6480","E8528","E9991","KBOS"],"units":"us"}}