{"latitude":42.3611611,"longitude":-71.0981392,"timezone":"America/New_York","offset":-5,"currently":{"time":1488276529,"summary":"Mostly Cloudy","icon":"partly-cloudy-night","nearestStormDistance":16,"nearestStormBearing":304,"precipIntensity":0,"precipProbability":0,"temperature":37.44,"apparentTemperature":34.08,"dewPoint":31.46,"humidity":0.79,"windSpeed":4.29,"windBearing":231,"visibility":9.6,"cloudCover":0.68,"pressure":1029.09,"ozone":333.4},"minutely":{"summary":"Drizzle starting in 40 min.","icon":"rain","data":[{"time":1488276480,"precipIntensity":0,"precipProbability":0},{"time":1488276540,"precipIntensity":0,"precipProbability":0},{"time":1488276600,"precipIntensity":0,"precipProbability":0},{"time":1488276660,"precipIntensity":0,"precipProbability":0},{"time":1488276720,"precipIntensity":0,"precipProbability":0},{"time":1488276780,"precipIntensity":0,"precipProbability":0},{"time":1488276840,"precipIntensity":0,"precipProbability":0},{"time":1488276900,"precipIntensity":0,"precipProbability":0},{"time":1488276960,"precipIntensity":0,"precipProbability":0},{"time":1488277020,"precipIntensity":0,"precipProbability":0},{"time":1488277080,"precipIntensity":0,"precipProbability":0},{"time":1488277140,"precipIntensity":0,"precipProbability":0},{"time":1488277200,"precipIntensity":0,"precipProbability":0},{"time":1488277260,"precipIntensity":0,"precipProbability":0},{"time":1488277320,"precipIntensity":0,"precipProbability":0},{"time":1488277380,"precipIntensity":0,"precipProbability":0},{"time":1488277440,"precipIntensity":0,"precipProbability":0},{"time":1488277500,"precipIntensity":0,"precipProbability":0},{"time":1488277560,"precipIntensity":0,"precipProbability":0},{"time":1488277620,"precipIntensity":0,"precipProbability":0},{"time":1488277680,"precipIntensity":0,"precipProbability":0},{"time":1488277740,"precipIntensity":0,"precipProbability":0},{"time":1488277800,"precipIntensity":0,"precipProbability":0},{"time":1488277860,"precipIntensity":0.004,"precipIntensityError":0.002,"precipProbability":0.01,"precipType":"rain"},{"time":1488277920,"precipIntensity":0.004,"precipIntensityError":0.002,"precipProbability":0.01,"precipType":"rain"},{"time":1488277980,"precipIntensity":0.004,"precipIntensityError":0.002,"precipProbability":0.01,"precipType":"rain"},{"time":1488278040,"precipIntensity":0.004,"precipIntensityError":0.003,"precipProbability":0.02,"precipType":"rain"},{"time":1488278100,"precipIntensity":0.004,"precipIntensityError":0.003,"precipProbability":0.02,"precipType":"rain"},{"time":1488278160,"precipIntensity":0.004,"precipIntensityError":0.003,"precipProbability":0.03,"precipType":"rain"},{"time":1488278220,"precipIntensity":0.005,"precipIntensityError":0.004,"precipProbability":0.05,"precipType":"rain"},{"time":1488278280,"precipIntensity":0.005,"precipIntensityError":0.004,"precipProbability":0.05,"precipType":"rain"},{"time":1488278340,"precipIntensity":0.005,"precipIntensityError":0.004,"precipProbability":0.06,"precipType":"rain"},{"time":1488278400,"precipIntensity":0.005,"precipIntensityError":0.005,"precipProbability":0.08,"precipType":"rain"},{"time":1488278460,"precipIntensity":0.006,"precipIntensityError":0.005,"precipProbability":0.1,"precipType":"rain"},{"time":1488278520,"precipIntensity":0.006,"precipIntensityError":0.005,"precipProbability":0.12,"precipType":"rain"},{"time":1488278580,"precipIntensity":0.006,"precipIntensityError":0.006,"precipProbability":0.14,"precipType":"rain"},{"time":1488278640,"precipIntensity":0.006,"precipIntensityError":0.006,"precipProbability":0.15,"precipType":"rain"},{"time":1488278700,"precipIntensity":0.007,"precipIntensityError":0.006,"precipProbability":0.19,"precipType":"rain"},{"time":1488278760,"precipIntensity":0.007,"precipIntensityError":0.006,"precipProbability":0.22,"precipType":"rain"},{"time":1488278820,"precipIntensity":0.007,"precipIntensityError":0.006,"precipProbability":0.23,"precipType":"rain"},{"time":1488278880,"precipIntensity":0.007,"precipIntensityError":0.006,"precipProbability":0.24,"precipType":"rain"},{"time":1488278940,"precipIntensity":0.008,"precipIntensityError":0.006,"precipProbability":0.3,"precipType":"rain"},{"time":1488279000,"precipIntensity":0.008,"precipIntensityError":0.007,"precipProbability":0.33,"precipType":"rain"},{"time":1488279060,"precipIntensity":0.008,"precipIntensityError":0.006,"precipProbability":0.33,"precipType":"rain"},{"time":1488279120,"precipIntensity":0.008,"precipIntensityError":0.006,"precipProbability":0.35,"precipType":"rain"},{"time":1488279180,"precipIntensity":0.008,"precipIntensityError":0.007,"precipProbability":0.37,"precipType":"rain"},{"time":1488279240,"precipIntensity":0.008,"precipIntensityError":0.006,"precipProbability":0.39,"precipType":"rain"},{"time":1488279300,"precipIntensity":0.009,"precipIntensityError":0.007,"precipProbability":0.46,"precipType":"rain"},{"time":1488279360,"precipIntensity":0.009,"precipIntensityError":0.006,"precipProbability":0.46,"precipType":"rain"},{"time":1488279420,"precipIntensity":0.009,"precipIntensityError":0.007,"precipProbability":0.48,"precipType":"rain"},{"time":1488279480,"precipIntensity":0.009,"precipIntensityError":0.007,"precipProbability":0.51,"precipType":"rain"},{"time":1488279540,"precipIntensity":0.009,"precipIntensityError":0.007,"precipProbability":0.51,"precipType":"rain"},{"time":1488279600,"precipIntensity":0.009,"precipIntensityError":0.007,"precipProbability":0.52,"precipType":"rain"},{"time":1488279660,"precipIntensity":0.009,"precipIntensityError":0.007,"precipProbability":0.54,"precipType":"rain"},{"time":1488279720,"precipIntensity":0.009,"precipIntensityError":0.007,"precipProbability":0.53,"precipType":"rain"},{"time":1488279780,"precipIntensity":0.009,"precipIntensityError":0.007,"precipProbability":0.54,"precipType":"rain"},{"time":1488279840,"precipIntensity":0.009,"precipIntensityError":0.007,"precipProbability":0.57,"precipType":"rain"},{"time":1488279900,"precipIntensity":0.009,"precipIntensityError":0.007,"precipProbability":0.55,"precipType":"rain"},{"time":1488279960,"precipIntensity":0.01,"precipIntensityError":0.007,"precipProbability":0.58,"precipType":"rain"},{"time":1488280020,"precipIntensity":0.01,"precipIntensityError":0.007,"precipProbability":0.58,"precipType":"rain"},{"time":1488280080,"precipIntensity":0.01,"precipIntensityError":0.007,"precipProbability":0.59,"precipType":"rain"}]},"hourly":{"summary":"Light rain starting tonight.","icon":"rain","data":[{"time":1488276000,"summary":"Mostly Cloudy","icon":"partly-cloudy-night","precipIntensity":0,"precipProbability":0,"temperature":37.44,"apparentTemperature":34.22,"dewPoint":31.36,"humidity":0.78,"windSpeed":4.15,"windBearing":232,"visibility":9.67,"cloudCover":0.65,"pressure":1029.03,"ozone":333.38},{"time":1488279600,"summary":"Mostly Cloudy","icon":"partly-cloudy-night","precipIntensity":0.0048,"precipProbability":0.07,"precipType":"rain","temperature":37.79,"apparentTemperature":33.76,"dewPoint":32.38,"humidity":0.81,"windSpeed":5.14,"windBearing":225,"visibility":9.17,"cloudCover":0.83,"pressure":1029.45,"ozone":333.54},{"time":1488283200,"summary":"Overcast","icon":"cloudy","precipIntensity":0,"precipProbability":0,"temperature":38.78,"apparentTemperature":35.66,"dewPoint":32.79,"humidity":0.79,"windSpeed":4.27,"windBearing":227,"visibility":9.28,"cloudCover":0.96,"pressure":1029.58,"ozone":333.52},{"time":1488286800,"summary":"Overcast","icon":"cloudy","precipIntensity":0,"precipProbability":0,"temperature":40.73,"apparentTemperature":38.69,"dewPoint":33.41,"humidity":0.75,"windSpeed":3.45,"windBearing":229,"visibility":9.51,"cloudCover":0.99,"pressure":1029.67,"ozone":333.38},{"time":1488290400,"summary":"Mostly Cloudy","icon":"partly-cloudy-day","precipIntensity":0.0009,"precipProbability":0.01,"precipType":"rain","temperature":42.9,"apparentTemperature":42.9,"dewPoint":33.58,"humidity":0.69,"windSpeed":2.9,"windBearing":231,"visibility":9.9,"cloudCover":0.93,"pressure":1029.7,"ozone":333.06},{"time":1488294000,"summary":"Overcast","icon":"cloudy","precipIntensity":0.0015,"precipProbability":0.03,"precipType":"rain","temperature":46.12,"apparentTemperature":46.12,"dewPoint":34.58,"humidity":0.64,"windSpeed":2.22,"windBearing":220,"visibility":10,"cloudCover":0.98,"pressure":1029.5,"ozone":332.38},{"time":1488297600,"summary":"Mostly Cloudy","icon":"partly-cloudy-day","precipIntensity":0,"precipProbability":0,"temperature":49.59,"apparentTemperature":49.59,"dewPoint":36.86,"humidity":0.61,"windSpeed":1.8,"windBearing":159,"visibility":10,"cloudCover":0.87,"pressure":1028.99,"ozone":331.23},{"time":1488301200,"summary":"Mostly Cloudy","icon":"partly-cloudy-day","precipIntensity":0,"precipProbability":0,"temperature":54.17,"apparentTemperature":54.17,"dewPoint":41.11,"humidity":0.61,"windSpeed":3.84,"windBearing":118,"visibility":10,"cloudCover":0.7,"pressure":1028.25,"ozone":329.71},{"time":1488304800,"summary":"Mostly Cloudy","icon":"partly-cloudy-day","precipIntensity":0,"precipProbability":0,"temperature":58.03,"apparentTemperature":58.03,"dewPoint":44.96,"humidity":0.62,"windSpeed":6.15,"windBearing":118,"visibility":10,"cloudCover":0.6,"pressure":1027.45,"ozone":327.93},{"time":1488308400,"summary":"Mostly Cloudy","icon":"partly-cloudy-day","precipIntensity":0,"precipProbability":0,"temperature":60.19,"apparentTemperature":60.19,"dewPoint":47.59,"humidity":0.63,"windSpeed":7.49,"windBearing":117,"visibility":10,"cloudCover":0.63,"pressure":1026.55,"ozone":325.64},{"time":1488312000,"summary":"Mostly Cloudy","icon":"partly-cloudy-day","precipIntensity":0,"precipProbability":0,"temperature":57.27,"apparentTemperature":57.27,"dewPoint":45.71,"humidity":0.65,"windSpeed":7.75,"windBearing":119,"visibility":10,"cloudCover":0.74,"pressure":1025.56,"ozone":323.08},{"time":1488315600,"summary":"Mostly Cloudy","icon":"partly-cloudy-day","precipIntensity":0,"precipProbability":0,"temperature":54.36,"apparentTemperature":54.36,"dewPoint":44.44,"humidity":0.69,"windSpeed":7.69,"windBearing":123,"visibility":9.73,"cloudCover":0.81,"pressure":1024.7,"ozone":321.02},{"time":1488319200,"summary":"Mostly Cloudy","icon":"partly-cloudy-day","precipIntensity":0,"precipProbability":0,"temperature":51.08,"apparentTemperature":51.08,"dewPoint":43.21,"humidity":0.74,"windSpeed":7.74,"windBearing":127,"visibility":9.37,"cloudCover":0.86,"pressure":1024.1,"ozone":319.67},{"time":1488322800,"summary":"Mostly Cloudy","icon":"partly-cloudy-night","precipIntensity":0,"precipProbability":0,"temperature":48.66,"apparentTemperature":45.09,"dewPoint":42.72,"humidity":0.8,"windSpeed":8.11,"windBearing":127,"visibility":9.08,"cloudCover":0.91,"pressure":1023.65,"ozone":318.82},{"time":1488326400,"summary":"Overcast","icon":"cloudy","precipIntensity":0.0009,"precipProbability":0.01,"precipType":"rain","temperature":47.75,"apparentTemperature":44.17,"dewPoint":43.41,"humidity":0.85,"windSpeed":7.66,"windBearing":130,"visibility":8.82,"cloudCover":0.95,"pressure":1023.19,"ozone":318.58},{"time":1488330000,"summary":"Overcast","icon":"cloudy","precipIntensity":0.001,"precipProbability":0.01,"precipType":"rain","temperature":47.69,"apparentTemperature":43.8,"dewPoint":44.16,"humidity":0.87,"windSpeed":8.35,"windBearing":136,"visibility":8.59,"cloudCover":0.98,"pressure":1022.75,"ozone":319.42},{"time":1488333600,"summary":"Overcast","icon":"cloudy","precipIntensity":0.0016,"precipProbability":0.03,"precipType":"rain","temperature":47.89,"apparentTemperature":44.04,"dewPoint":44.85,"humidity":0.89,"windSpeed":8.37,"windBearing":139,"visibility":6.23,"cloudCover":0.99,"pressure":1022.23,"ozone":320.88},{"time":1488337200,"summary":"Overcast","icon":"cloudy","precipIntensity":0.0032,"precipProbability":0.11,"precipType":"rain","temperature":48.09,"apparentTemperature":44.19,"dewPoint":45.39,"humidity":0.9,"windSpeed":8.6,"windBearing":140,"visibility":5.44,"cloudCover":1,"pressure":1021.4,"ozone":321.64},{"time":1488340800,"summary":"Drizzle","icon":"rain","precipIntensity":0.0077,"precipProbability":0.39,"precipType":"rain","temperature":47.81,"apparentTemperature":43.98,"dewPoint":45.41,"humidity":0.91,"windSpeed":8.27,"windBearing":148,"visibility":4.38,"cloudCover":1,"pressure":1020.16,"ozone":321.19},{"time":1488344400,"summary":"Light Rain","icon":"rain","precipIntensity":0.0141,"precipProbability":0.56,"precipType":"rain","temperature":47.15,"apparentTemperature":43.16,"dewPoint":44.82,"humidity":0.92,"windSpeed":8.31,"windBearing":157,"visibility":3.03,"cloudCover":1,"pressure":1018.62,"ozone":320.04},{"time":1488348000,"summary":"Light Rain","icon":"rain","precipIntensity":0.0182,"precipProbability":0.59,"precipType":"rain","temperature":47.77,"apparentTemperature":43.9,"dewPoint":45.57,"humidity":0.92,"windSpeed":8.38,"windBearing":163,"visibility":3.48,"cloudCover":1,"pressure":1016.99,"ozone":318.42},{"time":1488351600,"summary":"Light Rain","icon":"rain","precipIntensity":0.0177,"precipProbability":0.59,"precipType":"rain","temperature":48.48,"apparentTemperature":44.46,"dewPoint":46.56,"humidity":0.93,"windSpeed":9.14,"windBearing":169,"visibility":2.5,"cloudCover":1,"pressure":1015.31,"ozone":316.07},{"time":1488355200,"summary":"Light Rain","icon":"rain","precipIntensity":0.013,"precipProbability":0.54,"precipType":"rain","temperature":49.13,"apparentTemperature":45.3,"dewPoint":47.09,"humidity":0.93,"windSpeed":9.05,"windBearing":167,"visibility":3.77,"cloudCover":1,"pressure":1013.57,"ozone":313.24},{"time":1488358800,"summary":"Light Rain","icon":"rain","precipIntensity":0.0092,"precipProbability":0.49,"precipType":"rain","temperature":50.45,"apparentTemperature":50.45,"dewPoint":48.73,"humidity":0.94,"windSpeed":9.16,"windBearing":167,"visibility":4.52,"cloudCover":1,"pressure":1011.94,"ozone":310.93},{"time":1488362400,"summary":"Drizzle","icon":"rain","precipIntensity":0.0075,"precipProbability":0.37,"precipType":"rain","temperature":50.16,"apparentTemperature":50.16,"dewPoint":48.87,"humidity":0.95,"windSpeed":8.78,"windBearing":161,"visibility":5.29,"cloudCover":1,"pressure":1010.63,"ozone":309.34},{"time":1488366000,"summary":"Drizzle","icon":"rain","precipIntensity":0.0065,"precipProbability":0.31,"precipType":"rain","temperature":50.41,"apparentTemperature":50.41,"dewPoint":49.29,"humidity":0.96,"windSpeed":8.5,"windBearing":162,"visibility":3.97,"cloudCover":1,"pressure":1009.5,"ozone":308.27},{"time":1488369600,"summary":"Drizzle","icon":"rain","precipIntensity":0.0056,"precipProbability":0.25,"precipType":"rain","temperature":50.95,"apparentTemperature":50.95,"dewPoint":49.78,"humidity":0.96,"windSpeed":8.52,"windBearing":168,"visibility":2.96,"cloudCover":1,"pressure":1008.41,"ozone":308.01},{"time":1488373200,"summary":"Overcast","icon":"cloudy","precipIntensity":0.0043,"precipProbability":0.17,"precipType":"rain","temperature":52.11,"apparentTemperature":52.11,"dewPoint":50.52,"humidity":0.94,"windSpeed":9.12,"windBearing":180,"visibility":4.34,"cloudCover":1,"pressure":1007.34,"ozone":309.13},{"time":1488376800,"summary":"Overcast","icon":"cloudy","precipIntensity":0.003,"precipProbability":0.1,"precipType":"rain","temperature":53.69,"apparentTemperature":53.69,"dewPoint":51.46,"humidity":0.92,"windSpeed":10.56,"windBearing":194,"visibility":7.1,"cloudCover":1,"pressure":1006.27,"ozone":311.06},{"time":1488380400,"summary":"Overcast","icon":"cloudy","precipIntensity":0.0024,"precipProbability":0.07,"precipType":"rain","temperature":55.26,"apparentTemperature":55.26,"dewPoint":52.47,"humidity":0.9,"windSpeed":12.11,"windBearing":200,"visibility":9.47,"cloudCover":1,"pressure":1004.99,"ozone":312.42},{"time":1488384000,"summary":"Overcast","icon":"cloudy","precipIntensity":0.0028,"precipProbability":0.09,"precipType":"rain","temperature":56.7,"apparentTemperature":56.7,"dewPoint":53.6,"humidity":0.89,"windSpeed":12.61,"windBearing":192,"visibility":10,"cloudCover":1,"pressure":1003.44,"ozone":312.36},{"time":1488387600,"summary":"Overcast","icon":"cloudy","precipIntensity":0.0039,"precipProbability":0.15,"precipType":"rain","temperature":58.15,"apparentTemperature":58.15,"dewPoint":54.9,"humidity":0.89,"windSpeed":13.44,"windBearing":182,"visibility":10,"cloudCover":1,"pressure":1001.8,"ozone":311.71},{"time":1488391200,"summary":"Overcast","icon":"cloudy","precipIntensity":0.0046,"precipProbability":0.19,"precipType":"rain","temperature":59.53,"apparentTemperature":59.53,"dewPoint":56.17,"humidity":0.89,"windSpeed":14.48,"windBearing":178,"visibility":10,"cloudCover":1,"pressure":1000.37,"ozone":311.61},{"time":1488394800,"summary":"Overcast","icon":"cloudy","precipIntensity":0.0046,"precipProbability":0.19,"precipType":"rain","temperature":60.74,"apparentTemperature":60.74,"dewPoint":57.33,"humidity":0.89,"windSpeed":15.54,"windBearing":183,"visibility":10,"cloudCover":1,"pressure":999.21,"ozone":312.44},{"time":1488398400,"summary":"Overcast","icon":"cloudy","precipIntensity":0.0041,"precipProbability":0.16,"precipType":"rain","temperature":61.94,"apparentTemperature":61.94,"dewPoint":58.53,"humidity":0.89,"windSpeed":16.76,"windBearing":190,"visibility":10,"cloudCover":1,"pressure":998.21,"ozone":313.82},{"time":1488402000,"summary":"Overcast","icon":"cloudy","precipIntensity":0.0035,"precipProbability":0.12,"precipType":"rain","temperature":63.18,"apparentTemperature":63.18,"dewPoint":59.76,"humidity":0.89,"windSpeed":17.73,"windBearing":195,"visibility":10,"cloudCover":1,"pressure":997.46,"ozone":315.74},{"time":1488405600,"summary":"Overcast","icon":"cloudy","precipIntensity":0.0027,"precipProbability":0.08,"precipType":"rain","temperature":64.38,"apparentTemperature":64.38,"dewPoint":60.88,"humidity":0.88,"windSpeed":17.87,"windBearing":197,"visibility":10,"cloudCover":0.97,"pressure":997.07,"ozone":318.49},{"time":1488409200,"summary":"Overcast","icon":"cloudy","precipIntensity":0.0018,"precipProbability":0.04,"precipType":"rain","temperature":65.34,"apparentTemperature":65.34,"dewPoint":61.74,"humidity":0.88,"windSpeed":17.52,"windBearing":199,"visibility":10,"cloudCover":0.94,"pressure":996.91,"ozone":321.79},{"time":1488412800,"summary":"Mostly Cloudy","icon":"partly-cloudy-night","precipIntensity":0.001,"precipProbability":0.01,"precipType":"rain","temperature":65.91,"apparentTemperature":65.91,"dewPoint":62.26,"humidity":0.88,"windSpeed":17.33,"windBearing":199,"visibility":10,"cloudCover":0.9,"pressure":996.62,"ozone":324.76},{"time":1488416400,"summary":"Mostly Cloudy","icon":"partly-cloudy-night","precipIntensity":0,"precipProbability":0,"temperature":63.77,"apparentTemperature":63.77,"dewPoint":60.19,"humidity":0.88,"windSpeed":17.66,"windBearing":198,"visibility":9.82,"cloudCover":0.85,"pressure":996.17,"ozone":327.06},{"time":1488420000,"summary":"Mostly Cloudy","icon":"partly-cloudy-night","precipIntensity":0,"precipProbability":0,"temperature":59.87,"apparentTemperature":59.87,"dewPoint":56.44,"humidity":0.88,"windSpeed":18.04,"windBearing":196,"visibility":9.59,"cloudCover":0.81,"pressure":995.34,"ozone":329.03},{"time":1488423600,"summary":"Mostly Cloudy","icon":"partly-cloudy-night","precipIntensity":0,"precipProbability":0,"temperature":59.61,"apparentTemperature":59.61,"dewPoint":56.23,"humidity":0.89,"windSpeed":18.14,"windBearing":195,"visibility":9.47,"cloudCover":0.8,"pressure":994.58,"ozone":330.83},{"time":1488427200,"summary":"Mostly Cloudy","icon":"partly-cloudy-night","precipIntensity":0,"precipProbability":0,"temperature":63.59,"apparentTemperature":63.59,"dewPoint":60.2,"humidity":0.89,"windSpeed":18,"windBearing":194,"visibility":9.59,"cloudCover":0.83,"pressure":993.88,"ozone":331.97},{"time":1488430800,"summary":"Mostly Cloudy","icon":"partly-cloudy-night","precipIntensity":0,"precipProbability":0,"temperature":66.36,"apparentTemperature":66.36,"dewPoint":62.94,"humidity":0.89,"windSpeed":17.65,"windBearing":193,"visibility":9.82,"cloudCover":0.9,"pressure":993.21,"ozone":332.94},{"time":1488434400,"summary":"Mostly Cloudy","icon":"partly-cloudy-night","precipIntensity":0.0014,"precipProbability":0.02,"precipType":"rain","temperature":65.68,"apparentTemperature":65.68,"dewPoint":62.04,"humidity":0.88,"windSpeed":16.82,"windBearing":195,"visibility":10,"cloudCover":0.91,"pressure":992.82,"ozone":335.31},{"time":1488438000,"summary":"Drizzle","icon":"rain","precipIntensity":0.0053,"precipProbability":0.23,"precipType":"rain","temperature":63.83,"apparentTemperature":63.83,"dewPoint":59.8,"humidity":0.87,"windSpeed":15.25,"windBearing":202,"visibility":10,"cloudCover":0.76,"pressure":992.85,"ozone":340.03},{"time":1488441600,"summary":"Light Rain","icon":"rain","precipIntensity":0.0104,"precipProbability":0.51,"precipType":"rain","temperature":61.41,"apparentTemperature":61.41,"dewPoint":56.83,"humidity":0.85,"windSpeed":14.03,"windBearing":216,"visibility":10,"cloudCover":0.53,"pressure":993.27,"ozone":346.15},{"time":1488445200,"summary":"Light Rain","icon":"rain","precipIntensity":0.0129,"precipProbability":0.54,"precipType":"rain","temperature":58.9,"apparentTemperature":58.9,"dewPoint":53.28,"humidity":0.82,"windSpeed":14.05,"windBearing":229,"visibility":10,"cloudCover":0.38,"pressure":993.99,"ozone":352.46},{"time":1488448800,"summary":"Light Rain","icon":"rain","precipIntensity":0.0102,"precipProbability":0.51,"precipType":"rain","temperature":55.86,"apparentTemperature":55.86,"dewPoint":48.31,"humidity":0.76,"windSpeed":14.76,"windBearing":236,"visibility":10,"cloudCover":0.45,"pressure":994.85,"ozone":359.04}]},"daily":{"summary":"Mixed precipitation throughout the week, with temperatures peaking at 66°F on Thursday.","icon":"rain","data":[{"time":1488258000,"summary":"Light rain overnight.","icon":"rain","sunriseTime":1488280953,"sunsetTime":1488321250,"moonPhase":0.07,"precipIntensity":0.001,"precipIntensityMax":0.0077,"precipIntensityMaxTime":1488340800,"precipProbability":0.39,"precipType":"rain","temperatureMin":37.44,"temperatureMinTime":1488276000,"temperatureMax":60.19,"temperatureMaxTime":1488308400,"apparentTemperatureMin":33.76,"apparentTemperatureMinTime":1488279600,"apparentTemperatureMax":60.19,"apparentTemperatureMaxTime":1488308400,"dewPoint":38.49,"humidity":0.75,"windSpeed":4.08,"windBearing":157,"visibility":9.09,"cloudCover":0.72,"pressure":1026.62,"ozone":327.51},{"time":1488344400,"summary":"Light rain in the morning and overnight.","icon":"rain","sunriseTime":1488367256,"sunsetTime":1488407723,"moonPhase":0.11,"precipIntensity":0.0055,"precipIntensityMax":0.0182,"precipIntensityMaxTime":1488348000,"precipProbability":0.59,"precipType":"rain","temperatureMin":47.15,"temperatureMinTime":1488344400,"temperatureMax":65.91,"temperatureMaxTime":1488412800,"apparentTemperatureMin":43.16,"apparentTemperatureMinTime":1488344400,"apparentTemperatureMax":65.91,"apparentTemperatureMaxTime":1488412800,"dewPoint":53.89,"humidity":0.91,"windSpeed":12.85,"windBearing":186,"visibility":7.47,"cloudCover":0.96,"pressure":1003.94,"ozone":316.61},{"time":1488430800,"summary":"Light rain in the morning.","icon":"rain","sunriseTime":1488453559,"sunsetTime":1488494195,"moonPhase":0.15,"precipIntensity":0.002,"precipIntensityMax":0.0129,"precipIntensityMaxTime":1488445200,"precipProbability":0.54,"precipType":"rain","temperatureMin":31.77,"temperatureMinTime":1488513600,"temperatureMax":66.36,"temperatureMaxTime":1488430800,"apparentTemperatureMin":23.22,"apparentTemperatureMinTime":1488513600,"apparentTemperatureMax":66.36,"apparentTemperatureMaxTime":1488430800,"dewPoint":32.72,"humidity":0.61,"windSpeed":15.07,"windBearing":253,"visibility":10,"cloudCover":0.3,"pressure":1003.2,"ozone":374.9},{"time":1488517200,"summary":"Mostly cloudy starting in the afternoon, continuing until evening.","icon":"partly-cloudy-day","sunriseTime":1488539861,"sunsetTime":1488580668,"moonPhase":0.18,"precipIntensity":0.0009,"precipIntensityMax":0.0036,"precipIntensityMaxTime":1488578400,"precipProbability":0.13,"precipType":"snow","precipAccumulation":0.156,"temperatureMin":28.42,"temperatureMinTime":1488538800,"temperatureMax":44.29,"temperatureMaxTime":1488574800,"apparentTemperatureMin":21.05,"apparentTemperatureMinTime":1488538800,"apparentTemperatureMax":40.19,"apparentTemperatureMaxTime":1488574800,"dewPoint":14.9,"humidity":0.46,"windSpeed":7.14,"windBearing":303,"visibility":10,"cloudCover":0.33,"pressure":1018.56,"ozone":405.72},{"time":1488603600,"summary":"Partly cloudy in the morning.","icon":"partly-cloudy-day","sunriseTime":1488626162,"sunsetTime":1488667140,"moonPhase":0.22,"precipIntensity":0,"precipIntensityMax":0,"precipProbability":0,"temperatureMin":13.1,"temperatureMinTime":1488628800,"temperatureMax":35.08,"temperatureMaxTime":1488603600,"apparentTemperatureMin":-2.6,"apparentTemperatureMinTime":1488628800,"apparentTemperatureMax":27.53,"apparentTemperatureMaxTime":1488603600,"dewPoint":-4.15,"humidity":0.3,"windSpeed":14.02,"windBearing":309,"cloudCover":0.2,"pressure":1026.02,"ozone":443.48},{"time":1488690000,"summary":"Mostly cloudy throughout the day.","icon":"partly-cloudy-day","sunriseTime":1488712462,"sunsetTime":1488753611,"moonPhase":0.26,"precipIntensity":0.0012,"precipIntensityMax":0.004,"precipIntensityMaxTime":1488758400,"precipProbability":0.15,"precipType":"rain","temperatureMin":22.38,"temperatureMinTime":1488704400,"temperatureMax":50,"temperatureMaxTime":1488744000,"apparentTemperatureMin":13.56,"apparentTemperatureMinTime":1488704400,"apparentTemperatureMax":46.14,"apparentTemperatureMaxTime":1488744000,"dewPoint":19.3,"humidity":0.55,"windSpeed":7.01,"windBearing":248,"cloudCover":0.66,"pressure":1021.23,"ozone":390.48},{"time":1488776400,"summary":"Light rain overnight.","icon":"rain","sunriseTime":1488798762,"sunsetTime":1488840082,"moonPhase":0.3,"precipIntensity":0.0013,"precipIntensityMax":0.0019,"precipIntensityMaxTime":1488776400,"precipProbability":0.04,"precipType":"rain","temperatureMin":36.52,"temperatureMinTime":1488798000,"temperatureMax":54.72,"temperatureMaxTime":1488830400,"apparentTemperatureMin":32.02,"apparentTemperatureMinTime":1488798000,"apparentTemperatureMax":54.72,"apparentTemperatureMaxTime":1488830400,"dewPoint":33.88,"humidity":0.7,"windSpeed":6.12,"windBearing":277,"cloudCover":0.12,"pressure":1017,"ozone":367.47},{"time":1488862800,"summary":"Light rain in the morning and evening.","icon":"rain","sunriseTime":1488885062,"sunsetTime":1488926553,"moonPhase":0.33,"precipIntensity":0.0088,"precipIntensityMax":0.0205,"precipIntensityMaxTime":1488884400,"precipProbability":0.61,"precipType":"rain","temperatureMin":39.88,"temperatureMinTime":1488884400,"temperatureMax":54.09,"temperatureMaxTime":1488916800,"apparentTemperatureMin":34.28,"apparentTemperatureMinTime":1488884400,"apparentTemperatureMax":54.09,"apparentTemperatureMaxTime":1488916800,"dewPoint":37.13,"humidity":0.73,"windSpeed":6.7,"windBearing":259,"cloudCover":0.64,"pressure":1009.77,"ozone":362.38}]},"flags":{"sources":["lamp","gfs","cmc","nam","rap","rtma","sref","fnmoc","isd","madis","nearest-precip","nwspa","darksky"],"lamp-stations":["KASH","KBED","KBOS","KBVY","KFIT","KLWM","KMQE","KOWD","KPYM","KSFZ","KTAN"],"isd-stations":["725059-14702","725059-99999","725088-54733","725088-99999","725090-14739","725097-14790","725098-54704","725098-99999","726054-99999","744900-14702","744907-14753","992420-99999","994971-99999","999999-14789","999999-14790","999999-94701"],"madis-stations":["A1261","AN287","AV085","BHBM3","C0210","C6612","D0056","D7355","E2727","E3565","E5351","E5650","E6480","E8528","E9991","KBOS"],"units":"us"}}